-- phpMyAdmin SQL Dump
-- version 4.6.4
-- https://www.phpmyadmin.net/
--
-- Host: 127.0.0.1
-- Generation Time: Oct 20, 2017 at 06:11 AM
-- Server version: 5.7.14
-- PHP Version: 5.6.25

SET SQL_MODE = "NO_AUTO_VALUE_ON_ZERO";
SET time_zone = "+00:00";


/*!40101 SET @OLD_CHARACTER_SET_CLIENT=@@CHARACTER_SET_CLIENT */;
/*!40101 SET @OLD_CHARACTER_SET_RESULTS=@@CHARACTER_SET_RESULTS */;
/*!40101 SET @OLD_COLLATION_CONNECTION=@@COLLATION_CONNECTION */;
/*!40101 SET NAMES utf8mb4 */;

--
-- Database: `hub`
--
CREATE DATABASE IF NOT EXISTS `hub` DEFAULT CHARACTER SET latin1 COLLATE latin1_swedish_ci;
USE `hub`;

-- --------------------------------------------------------

--
-- Table structure for table `district`
--

DROP TABLE IF EXISTS `district`;
CREATE TABLE `district` (
  `id` mediumint(8) UNSIGNED NOT NULL,
  `nr` mediumint(8) UNSIGNED NOT NULL,
  `districtcode` varchar(20) NOT NULL,
  `name` varchar(234) NOT NULL,
  `regionid` tinyint(3) UNSIGNED NOT NULL,
  `province` int(3) NOT NULL,
  `created` datetime NOT NULL,
  `createdby` varchar(250) NOT NULL
) ENGINE=InnoDB DEFAULT CHARSET=utf8;

--
-- Dumping data for table `district`
--

INSERT INTO `district` (`id`, `nr`, `districtcode`, `name`, `regionid`, `province`, `created`, `createdby`) VALUES
(1, 0, '', 'Abim', 12, 12, '0000-00-00 00:00:00', 'system'),
(2, 0, '', 'Adjumani', 14, 14, '0000-00-00 00:00:00', 'system'),
(3, 0, '', 'Amolatar', 10, 10, '0000-00-00 00:00:00', 'system'),
(4, 0, '', 'Amuria', 12, 12, '0000-00-00 00:00:00', 'system'),
(5, 0, '', 'Amuru', 10, 10, '0000-00-00 00:00:00', 'system'),
(6, 0, '', 'Apac', 10, 10, '0000-00-00 00:00:00', 'system'),
(7, 0, '', 'Arua', 14, 14, '0000-00-00 00:00:00', 'system'),
(8, 0, '', 'Budaka', 9, 9, '0000-00-00 00:00:00', 'system'),
(9, 0, '', 'Bududa', 9, 9, '0000-00-00 00:00:00', 'system'),
(10, 0, '', 'Bugiri', 7, 7, '0000-00-00 00:00:00', 'system'),
(11, 0, '', 'Buikwe ', 6, 6, '0000-00-00 00:00:00', 'system'),
(12, 0, '', 'Bukedea', 12, 12, '0000-00-00 00:00:00', 'system'),
(13, 0, '', 'Bukwo', 9, 9, '0000-00-00 00:00:00', 'system'),
(14, 0, '', 'Buliisa', 11, 11, '0000-00-00 00:00:00', 'system'),
(15, 0, '', 'Bundibugyo', 11, 11, '0000-00-00 00:00:00', 'system'),
(16, 0, '', 'Bushenyi', 13, 13, '0000-00-00 00:00:00', 'system'),
(17, 0, '', 'Busia', 9, 9, '0000-00-00 00:00:00', 'system'),
(18, 0, '', 'Butaleja', 9, 9, '0000-00-00 00:00:00', 'system'),
(19, 0, '', 'Buvuma', 6, 6, '0000-00-00 00:00:00', 'system'),
(20, 0, '', 'Buyende ', 7, 7, '0000-00-00 00:00:00', 'system'),
(22, 0, '', 'Dokolo', 10, 10, '0000-00-00 00:00:00', 'system'),
(23, 0, '', 'Gulu', 10, 10, '0000-00-00 00:00:00', 'system'),
(24, 0, '', 'Hoima', 11, 11, '0000-00-00 00:00:00', 'system'),
(25, 0, '', 'Ibanda', 13, 13, '0000-00-00 00:00:00', 'system'),
(26, 0, '', 'Iganga', 7, 7, '0000-00-00 00:00:00', 'system'),
(27, 0, '', 'Isingiro', 13, 13, '0000-00-00 00:00:00', 'system'),
(28, 0, '', 'Jinja', 7, 7, '0000-00-00 00:00:00', 'system'),
(29, 0, '', 'Kaabong ', 12, 12, '0000-00-00 00:00:00', 'system'),
(30, 0, '', 'Kabale', 13, 13, '0000-00-00 00:00:00', 'system'),
(31, 0, '', 'Kabarole', 11, 11, '0000-00-00 00:00:00', 'system'),
(32, 0, '', 'Kaberamaido', 12, 12, '0000-00-00 00:00:00', 'system'),
(33, 0, '', 'Kalangala', 5, 5, '0000-00-00 00:00:00', 'system'),
(34, 0, '', 'Kaliro', 7, 7, '0000-00-00 00:00:00', 'system'),
(35, 0, '', 'Kampala', 8, 8, '0000-00-00 00:00:00', 'system'),
(36, 0, '', 'Kamuli', 7, 7, '0000-00-00 00:00:00', 'system'),
(37, 0, '', 'Kamwenge', 11, 11, '0000-00-00 00:00:00', 'system'),
(38, 0, '', 'Kanungu', 13, 13, '0000-00-00 00:00:00', 'system'),
(39, 0, '', 'Kapchorwa', 9, 9, '0000-00-00 00:00:00', 'system'),
(40, 0, '', 'Kasese', 11, 11, '0000-00-00 00:00:00', 'system'),
(41, 0, '', 'Katakwi ', 12, 12, '0000-00-00 00:00:00', 'system'),
(42, 0, '', 'Kayunga', 6, 6, '0000-00-00 00:00:00', 'system'),
(43, 0, '', 'Kibaale', 11, 11, '0000-00-00 00:00:00', 'system'),
(44, 0, '', 'Kiboga', 6, 6, '0000-00-00 00:00:00', 'system'),
(45, 0, '', 'Kiruhura', 13, 13, '0000-00-00 00:00:00', 'system'),
(46, 0, '', 'Kisoro', 13, 13, '0000-00-00 00:00:00', 'system'),
(47, 0, '', 'Kitgum', 10, 10, '0000-00-00 00:00:00', 'system'),
(48, 0, '', 'Koboko', 14, 14, '0000-00-00 00:00:00', 'system'),
(49, 0, '', 'Kotido', 12, 12, '0000-00-00 00:00:00', 'system'),
(50, 0, '', 'Kumi', 12, 12, '0000-00-00 00:00:00', 'system'),
(51, 0, '', 'Kyegegwa', 11, 11, '0000-00-00 00:00:00', 'system'),
(52, 0, '', 'Kyenjojo', 11, 11, '0000-00-00 00:00:00', 'system'),
(53, 0, '', 'Lamwo', 10, 10, '0000-00-00 00:00:00', 'system'),
(54, 0, '', 'Lira', 10, 10, '0000-00-00 00:00:00', 'system'),
(55, 0, '', 'Luweero', 6, 6, '0000-00-00 00:00:00', 'system'),
(56, 0, '', 'Lyantonde', 5, 5, '0000-00-00 00:00:00', 'system'),
(57, 0, '', 'Manafwa', 9, 9, '0000-00-00 00:00:00', 'system'),
(58, 0, '', 'Maracha Terego', 14, 14, '0000-00-00 00:00:00', 'system'),
(59, 0, '', 'Masaka', 5, 5, '0000-00-00 00:00:00', 'system'),
(60, 0, '', 'Masindi ', 11, 11, '0000-00-00 00:00:00', 'system'),
(61, 0, '', 'Mayuge', 7, 7, '0000-00-00 00:00:00', 'system'),
(62, 0, '', 'Mbale', 9, 9, '0000-00-00 00:00:00', 'system'),
(63, 0, '', 'Mbarara', 13, 13, '0000-00-00 00:00:00', 'system'),
(64, 0, '', 'Mityana', 6, 6, '0000-00-00 00:00:00', 'system'),
(65, 0, '', 'Moroto', 12, 12, '0000-00-00 00:00:00', 'system'),
(66, 0, '', 'Moyo', 14, 14, '0000-00-00 00:00:00', 'system'),
(67, 0, '', 'Mpigi', 5, 5, '0000-00-00 00:00:00', 'system'),
(68, 0, '', 'Mubende', 6, 6, '0000-00-00 00:00:00', 'system'),
(69, 0, '', 'Mukono ', 6, 6, '0000-00-00 00:00:00', 'system'),
(70, 0, '', 'Nakapiripirit', 12, 12, '0000-00-00 00:00:00', 'system'),
(71, 0, '', 'Nakaseke', 6, 6, '0000-00-00 00:00:00', 'system'),
(72, 0, '', 'Nakasongola', 6, 6, '0000-00-00 00:00:00', 'system'),
(73, 0, '', 'Namutumba ', 7, 7, '0000-00-00 00:00:00', 'system'),
(74, 0, '', 'Nebbi', 14, 14, '0000-00-00 00:00:00', 'system'),
(75, 0, '', 'Ntungamo', 13, 13, '0000-00-00 00:00:00', 'system'),
(77, 0, '', 'Oyam', 10, 10, '0000-00-00 00:00:00', 'system'),
(78, 0, '', 'Pader', 10, 10, '0000-00-00 00:00:00', 'system'),
(79, 0, '', 'Pallisa', 9, 9, '0000-00-00 00:00:00', 'system'),
(80, 0, '', 'Rakai', 5, 5, '0000-00-00 00:00:00', 'system'),
(81, 0, '', 'Rukungiri', 13, 13, '0000-00-00 00:00:00', 'system'),
(82, 0, '', 'Ssembabule', 5, 5, '0000-00-00 00:00:00', 'system'),
(83, 0, '', 'Sironko', 9, 9, '0000-00-00 00:00:00', 'system'),
(84, 0, '', 'Soroti', 12, 12, '0000-00-00 00:00:00', 'system'),
(85, 0, '', 'Tororo', 9, 9, '0000-00-00 00:00:00', 'system'),
(86, 0, '', 'Wakiso', 5, 5, '0000-00-00 00:00:00', 'system'),
(87, 0, '', 'Yumbe', 14, 14, '0000-00-00 00:00:00', 'system'),
(88, 0, '', 'Butambala', 5, 5, '0000-00-00 00:00:00', 'system'),
(89, 0, '', 'Gomba', 5, 5, '0000-00-00 00:00:00', 'system'),
(90, 0, '', 'Kalungu', 5, 5, '0000-00-00 00:00:00', 'system'),
(91, 0, '', 'Kyankwanzi', 6, 6, '0000-00-00 00:00:00', 'system'),
(92, 0, '', 'Lwengo', 5, 5, '0000-00-00 00:00:00', 'system'),
(93, 0, '', 'Bukomansimbi', 5, 5, '0000-00-00 00:00:00', 'system'),
(94, 0, '', 'Bulambuli', 9, 9, '0000-00-00 00:00:00', 'system'),
(95, 0, '', 'Kibuku', 9, 9, '0000-00-00 00:00:00', 'system'),
(96, 0, '', 'Kween', 9, 9, '0000-00-00 00:00:00', 'system'),
(97, 0, '', 'Luuka', 7, 7, '0000-00-00 00:00:00', 'system'),
(98, 0, '', 'Namayingo', 7, 7, '0000-00-00 00:00:00', 'system'),
(99, 0, '', 'Ngora', 12, 12, '0000-00-00 00:00:00', 'system'),
(100, 0, '', 'Serere', 12, 12, '0000-00-00 00:00:00', 'system'),
(101, 0, '', 'Agago', 10, 10, '0000-00-00 00:00:00', 'system'),
(102, 0, '', 'Alebtong', 10, 10, '0000-00-00 00:00:00', 'system'),
(103, 0, '', 'Amudat', 12, 12, '0000-00-00 00:00:00', 'system'),
(104, 0, '', 'Kole', 10, 10, '0000-00-00 00:00:00', 'system'),
(105, 0, '', 'Napak', 12, 12, '0000-00-00 00:00:00', 'system'),
(106, 0, '', 'Nwoya', 10, 10, '0000-00-00 00:00:00', 'system'),
(107, 0, '', 'Otuke', 10, 10, '0000-00-00 00:00:00', 'system'),
(108, 0, '', 'Zombo', 14, 14, '0000-00-00 00:00:00', 'system'),
(109, 0, '', 'Buhweju', 13, 13, '0000-00-00 00:00:00', 'system'),
(110, 0, '', 'Kiryandongo', 11, 11, '0000-00-00 00:00:00', 'system'),
(111, 0, '', 'Mitooma', 13, 13, '0000-00-00 00:00:00', 'system'),
(112, 0, '', 'Ntoroko', 11, 11, '0000-00-00 00:00:00', 'system'),
(113, 0, '', 'Rubirizi', 13, 13, '0000-00-00 00:00:00', 'system'),
(114, 0, '', 'Sheema', 13, 13, '0000-00-00 00:00:00', 'system');

-- --------------------------------------------------------

--
-- Table structure for table `equipment`
--

DROP TABLE IF EXISTS `equipment`;
CREATE TABLE `equipment` (
  `id` int(11) UNSIGNED NOT NULL,
  `facilityid` int(11) UNSIGNED DEFAULT NULL,
  `enginenumber` varchar(50) NOT NULL,
  `type` tinyint(3) UNSIGNED NOT NULL,
  `chasisnumber` varchar(50) NOT NULL,
  `modelnumber` varchar(50) NOT NULL,
  `hubid` int(11) UNSIGNED DEFAULT NULL,
  `brand` varchar(50) NOT NULL,
  `yearofmanufacture` int(4) UNSIGNED NOT NULL,
  `enginecapacity` varchar(50) NOT NULL,
  `insurance` varchar(50) NOT NULL,
  `numberplate` varchar(50) NOT NULL,
  `maintenanceschedule` tinyint(3) UNSIGNED NOT NULL DEFAULT '1',
  `purchasedon` date DEFAULT NULL,
  `deliveredtohubon` date DEFAULT NULL,
  `warrantyperiod` smallint(5) UNSIGNED NOT NULL DEFAULT '1',
  `warrantyperiodunits` varchar(25) DEFAULT NULL,
  `distancebeforeservice` int(11) NOT NULL DEFAULT '1',
  `recommendedservicefrequency` int(11) NOT NULL DEFAULT '1',
  `hasservicecontract` tinyint(3) NOT NULL DEFAULT '1',
  `reasonfornoserviceid` int(11) NOT NULL DEFAULT '1',
  `color` varchar(20) NOT NULL,
  `createdby` int(11) NOT NULL,
  `created_at` datetime NOT NULL,
  `updated_at` datetime DEFAULT NULL
) ENGINE=InnoDB DEFAULT CHARSET=utf8;

--
-- Dumping data for table `equipment`
--

INSERT INTO `equipment` (`id`, `facilityid`, `enginenumber`, `type`, `chasisnumber`, `modelnumber`, `hubid`, `brand`, `yearofmanufacture`, `enginecapacity`, `insurance`, `numberplate`, `maintenanceschedule`, `purchasedon`, `deliveredtohubon`, `warrantyperiod`, `warrantyperiodunits`, `distancebeforeservice`, `recommendedservicefrequency`, `hasservicecontract`, `reasonfornoserviceid`, `color`, `createdby`, `created_at`, `updated_at`) VALUES
(1, 4, '95323', 1, '2354', '094er', NULL, 'Japan', 1994, '20h', 'Agape', 'ugx-6574', 1, NULL, NULL, 1, NULL, 1, 1, 1, 1, 'red', 1, '2017-10-10 08:10:55', '2017-10-10 08:10:55'),
(2, 4, 'addf', 1, 'eerwr', '475838', 4, 'Japan', 1978, '2000', 'Yokan', 'uqp 5647', 1, NULL, NULL, 1, NULL, 1, 1, 1, 1, 'black', 1, '2017-10-10 09:24:35', '2017-10-10 09:24:35'),
(3, 4, 'addf', 1, 'eerwr', '475838', 4, 'Japan', 1978, '2000', 'Yokan', 'uqp 5647', 1, NULL, NULL, 1, NULL, 1, 1, 1, 1, 'black', 1, '2017-10-10 09:26:02', '2017-10-10 09:26:02'),
(4, 4, 'addf', 1, 'eerwr', '475838', 4, 'Japan', 1978, '2000', 'Yokan', 'uqp 5647', 1, NULL, NULL, 1, NULL, 1, 1, 1, 1, 'black', 1, '2017-10-10 09:28:36', '2017-10-10 09:28:36'),
(5, 4, 'Tes-uqew', 1, 'asfda', 'afd', 4, 'af', 1978, '200', 'yap', 'asf', 1, NULL, NULL, 1, NULL, 1, 1, 1, 1, 'adsf', 1, '2017-10-10 09:29:41', '2017-10-10 09:29:41'),
(6, 4, 'der', 1, 'f', 'FS', 4, 'F', 1990, '342', 'AASDF', 'FAF', 1, NULL, NULL, 1, NULL, 1, 1, 1, 1, 'DF', 1, '2017-10-10 10:05:37', '2017-10-10 10:05:37'),
(7, 4, 'der', 1, 'f', 'FS', 4, 'F', 1990, '342', 'AASDF', 'FAF', 1, NULL, NULL, 1, NULL, 1, 1, 1, 1, 'DF', 1, '2017-10-10 10:06:25', '2017-10-10 10:06:25'),
(8, 4, 'der', 1, 'f', 'FS', 4, 'F', 1990, '342', 'AASDF', 'FAF', 1, NULL, NULL, 1, NULL, 1, 1, 1, 1, 'DF', 1, '2017-10-10 10:06:41', '2017-10-10 10:06:41'),
(9, 4, '\\ZC', 1, 'DSF', 'SFDASF', 4, 'DFSDF', 1987, 'AF', 'AD', 'ASF', 1, NULL, NULL, 1, NULL, 1, 1, 1, 1, 'RED', 1, '2017-10-10 10:10:54', '2017-10-10 10:10:54'),
(10, 4, '\\ZC', 1, 'DSF', 'SFDASF', 4, 'DFSDF', 1987, 'AF', 'AD', 'ASF', 1, NULL, NULL, 1, NULL, 1, 1, 1, 1, 'RED', 1, '2017-10-10 10:16:25', '2017-10-10 10:16:25'),
(11, 4, '\\ZC', 1, 'DSF', 'SFDASF', 4, 'DFSDF', 1987, 'AF', 'AD', 'ASF', 1, NULL, NULL, 1, NULL, 1, 1, 1, 1, 'RED', 1, '2017-10-10 10:16:44', '2017-10-10 10:16:44'),
(12, 4, 'ASDF', 1, 'SDF', 'SF', 4, '234', 1980, 'FSDFDSF', 'AFDS', 'AS', 1, NULL, NULL, 1, NULL, 1, 1, 1, 1, 'AD', 1, '2017-10-10 10:17:39', '2017-10-10 10:17:39'),
(13, 4, 'zxcvzxvc', 1, 'zcx', 'wre', 4, '453', 234, '34', 'ew4', 'erwq', 1, NULL, NULL, 1, NULL, 1, 1, 1, 1, 'e', 1, '2017-10-10 10:21:54', '2017-10-10 10:21:54'),
(14, 4, 'ge0', 1, 'sf', 'd', 4, 'dd', 1980, '230', 'tew', 'gd', 1, NULL, NULL, 1, NULL, 1, 1, 1, 1, 'afs', 1, '2017-10-10 10:24:40', '2017-10-10 10:24:40'),
(15, 4, 'ge0', 1, 'sf', 'd', 4, 'dd', 1980, '230', 'tew', 'gd', 1, NULL, NULL, 1, NULL, 1, 1, 1, 1, 'afs', 1, '2017-10-10 10:25:54', '2017-10-10 10:25:54'),
(16, 4, 'ad', 1, 'asdf', 'WE', 4, 'ASD', 1289, '323', 'RT', 'sd', 1, NULL, NULL, 1, NULL, 1, 1, 1, 1, 'RWS', 1, '2017-10-10 10:33:55', '2017-10-10 10:33:55');

-- --------------------------------------------------------

--
-- Table structure for table `facility`
--

DROP TABLE IF EXISTS `facility`;
CREATE TABLE `facility` (
  `id` mediumint(8) UNSIGNED NOT NULL,
  `parentid` mediumint(8) UNSIGNED DEFAULT '0',
  `code` varchar(250) NOT NULL,
  `name` varchar(250) NOT NULL,
  `facilitylevelid` smallint(2) NOT NULL,
  `districtid` mediumint(8) UNSIGNED NOT NULL,
  `hubid` mediumint(8) UNSIGNED NOT NULL,
  `phone` varchar(20) NOT NULL,
  `email` varchar(50) NOT NULL,
  `contactperson` varchar(250) NOT NULL,
  `physicaladdress` text NOT NULL,
  `returnaddress` text NOT NULL,
  `created` datetime NOT NULL,
  `createdby` varchar(250) NOT NULL
) ENGINE=InnoDB DEFAULT CHARSET=utf8;

--
-- Dumping data for table `facility`
--

INSERT INTO `facility` (`id`, `parentid`, `code`, `name`, `facilitylevelid`, `districtid`, `hubid`, `phone`, `email`, `contactperson`, `physicaladdress`, `returnaddress`, `created`, `createdby`) VALUES
(2, 0, '0', 'Abako H/C III', 6, 102, 108, '772312515', '', '', '', '', '0000-00-00 00:00:00', ''),
(3, 0, '0', 'Aber Hospital', 9, 77, 4, '782117574', '', '', '', '', '0000-00-00 00:00:00', ''),
(4, 0, '0', 'Abim Hospital', 9, 1, 5, '777281715', '', '', '', '', '0000-00-00 00:00:00', ''),
(5, 0, '0', 'Aboke H/C IV', 7, 104, 4, '779075630', '', '', '', '', '0000-00-00 00:00:00', ''),
(6, 0, '0', 'Abongomola H/C III', 6, 6, 4, '772868854', '', '', '', '', '0000-00-00 00:00:00', ''),
(7, 0, '0', 'Acet H/C II', 5, 23, 27, '77646333', '', '', '', '', '0000-00-00 00:00:00', ''),
(8, 0, '0', 'Achol Pii H/C III', 6, 101, 107, '774253869', '', '', '', '', '0000-00-00 00:00:00', ''),
(9, 0, '0', 'Acholi Bur H/C III', 6, 78, 107, '785966429', '', '', '', '', '0000-00-00 00:00:00', ''),
(10, 0, '0', 'Adjumani Hospital', 9, 2, 6, '772918562', '', '', '', '', '0000-00-00 00:00:00', ''),
(11, 0, '0', 'Adok H/C II', 5, 22, 23, '752418166', '', '', '', '', '0000-00-00 00:00:00', ''),
(12, 0, '0', 'Aduku H/C II (NGO)', 5, 6, 4, ' ', '', '', '', '', '0000-00-00 00:00:00', ''),
(13, 0, '0', 'Aduku H/C IV ', 7, 6, 4, '779330623', '', '', '', '', '0000-00-00 00:00:00', ''),
(14, 0, '0', 'Agali H/C III', 6, 54, 61, '777114666', '', '', '', '', '0000-00-00 00:00:00', ''),
(15, 0, '0', 'Agoro H/C III', 6, 53, 65, '711068465', '', '', '', '', '0000-00-00 00:00:00', ''),
(16, 0, '0', 'Agu H/C III', 6, 99, 105, '782424967', '', '', '', '', '0000-00-00 00:00:00', ''),
(17, 0, '0', 'Agule H/C III', 6, 79, 82, '773084891', '', '', '', '', '0000-00-00 00:00:00', ''),
(18, 0, '0', 'Agulurude H/C III', 6, 77, 4, '777583284', '', '', '', '', '0000-00-00 00:00:00', ''),
(19, 0, '0', 'Agwata H/C III', 6, 22, 23, '774993910', '', '', '', '', '0000-00-00 00:00:00', ''),
(20, 0, '0', 'Akalo H/C III', 6, 104, 61, '753761001', '', '', '', '', '0000-00-00 00:00:00', ''),
(21, 0, '0', 'Akokoro H/C III', 6, 6, 4, '773577763', '', '', '', '', '0000-00-00 00:00:00', ''),
(22, 0, '0', 'Akuna Laber H/C III', 6, 47, 56, '774849340', '', '', '', '', '0000-00-00 00:00:00', ''),
(23, 0, '0', 'Alebtong H/C IV', 7, 102, 108, '772628341', '', '', '', '', '0000-00-00 00:00:00', ''),
(24, 0, '0', 'Alerek H/C III', 6, 1, 5, '775287200', '', '', '', '', '0000-00-00 00:00:00', ''),
(25, 0, '0', 'Alero H/C III', 6, 106, 10, '717573999', '', '', '', '', '0000-00-00 00:00:00', ''),
(26, 0, '0', 'Alito H/C III', 6, 104, 61, '756802305', '', '', '', '', '0000-00-00 00:00:00', ''),
(27, 0, '0', 'Alive Medical Services H/C III', 6, 35, 41, '414258580', '', '', '', '', '0000-00-00 00:00:00', ''),
(29, 0, '0', 'Amach H/C IV', 7, 54, 61, '777647634', '', '', '', '', '0000-00-00 00:00:00', ''),
(30, 0, '0', 'Amai Community Hospital', 9, 3, 7, '773016662', '', '', '', '', '0000-00-00 00:00:00', ''),
(31, 0, '0', 'Amolatar H/C IV ', 7, 3, 7, '773897355', '', '', '', '', '0000-00-00 00:00:00', ''),
(32, 0, '0', 'Amuca SDA H/C III', 6, 54, 61, '787324669', '', '', '', '', '0000-00-00 00:00:00', ''),
(33, 0, '0', 'Amuda H/C II', 5, 22, 23, '', '', '', '', '', '0000-00-00 00:00:00', ''),
(34, 0, '0', 'Amudat Hospital', 9, 103, 94, '', '', '', '', '', '0000-00-00 00:00:00', ''),
(35, 0, '0', 'Amugu H/C III', 6, 102, 108, '782681664', '', '', '', '', '0000-00-00 00:00:00', ''),
(36, 0, '0', 'Amuria H/C IV', 7, 4, 8, '773308460', '', '', '', '', '0000-00-00 00:00:00', ''),
(37, 0, '0', 'Amuru H/C III', 6, 23, 27, '774848923', '', '', '', '', '0000-00-00 00:00:00', ''),
(38, 0, '0', 'Anaka Hospital', 9, 106, 10, '774805770', '', '', '', '', '0000-00-00 00:00:00', ''),
(40, 0, '0', 'Anyara H/C III', 6, 32, 34, '776996063', '', '', '', '', '0000-00-00 00:00:00', ''),
(41, 0, '0', 'Anyeke H/C IV', 7, 77, 4, '', '', '', '', '', '0000-00-00 00:00:00', ''),
(42, 0, '0', 'Apac Hospital ', 9, 6, 4, '75246534', '', '', '', '', '0000-00-00 00:00:00', ''),
(43, 0, '0', 'Apala Bar Owoo H/C III', 6, 104, 61, '785966224', '', '', '', '', '0000-00-00 00:00:00', ''),
(44, 0, '0', 'Apala H/C III', 6, 102, 108, '777053344', '', '', '', '', '0000-00-00 00:00:00', ''),
(45, 0, '0', 'Apapai H/C IV (Serere)', 7, 100, 90, '744006516', '', '', '', '', '0000-00-00 00:00:00', ''),
(46, 0, '0', 'Apoi H/C III', 6, 6, 4, '', '', '', '', '', '0000-00-00 00:00:00', ''),
(47, 0, '0', 'Aputi H/C III', 6, 3, 7, '773394839', '', '', '', '', '0000-00-00 00:00:00', ''),
(48, 0, '0', 'Ariwa H/C III', 6, 87, 96, '779744905', '', '', '', '', '0000-00-00 00:00:00', ''),
(49, 0, '0', 'Aromo H/C III', 6, 54, 61, '774059095', '', '', '', '', '0000-00-00 00:00:00', ''),
(50, 0, '0', 'Arua R R Hospital', 11, 7, 11, '752663302', '', '', '', '', '0000-00-00 00:00:00', ''),
(51, 0, '0', 'Atabu H/C II', 5, 22, 23, '782418166', '', '', '', '', '0000-00-00 00:00:00', ''),
(52, 0, '0', 'Atanga H/C III', 6, 78, 107, '783317151', '', '', '', '', '0000-00-00 00:00:00', ''),
(53, 0, '0', 'Atiak H/C IV ', 7, 5, 12, '775666037', '', '', '', '', '0000-00-00 00:00:00', ''),
(55, 0, '0', 'Atool H/C II', 5, 50, 13, '782254913', '', '', '', '', '0000-00-00 00:00:00', ''),
(56, 0, '0', 'Atutur Hospital', 9, 50, 13, '782027766', '', '', '', '', '0000-00-00 00:00:00', ''),
(57, 0, '0', 'Awach H/C IV ', 7, 23, 27, '782040787', '', '', '', '', '0000-00-00 00:00:00', ''),
(58, 0, '0', 'Awer H/C II', 5, 5, 12, '', '', '', '', '', '0000-00-00 00:00:00', ''),
(59, 0, '0', 'Awere H/C III', 6, 78, 107, '774022194', '', '', '', '', '0000-00-00 00:00:00', ''),
(60, 0, '0', 'Awoo H/C II', 5, 23, 27, '774817575', '', '', '', '', '0000-00-00 00:00:00', ''),
(61, 0, '0', 'Ayer H/C II', 5, 104, 61, '754808980', '', '', '', '', '0000-00-00 00:00:00', ''),
(62, 0, '0', 'Aywee H/C III', 6, 23, 27, '', '', '', '', '', '0000-00-00 00:00:00', ''),
(63, 0, '0', 'Azur Christian H/C IV', 7, 24, 28, '783658054', '', '', '', '', '0000-00-00 00:00:00', ''),
(64, 0, '0', 'Baitambogwe H/C III', 6, 61, 29, '774140176', '', '', '', '', '0000-00-00 00:00:00', ''),
(65, 0, '0', 'Bala H/C III', 6, 104, 61, '779203475', '', '', '', '', '0000-00-00 00:00:00', ''),
(66, 0, '0', 'Barapwo H/C III', 6, 54, 61, '775172582', '', '', '', '', '0000-00-00 00:00:00', ''),
(67, 0, '0', 'Bardyang H/C II', 5, 22, 23, '752418166', '', '', '', '', '0000-00-00 00:00:00', ''),
(68, 0, '0', 'Barr H/C III', 6, 54, 61, '772618460', '', '', '', '', '0000-00-00 00:00:00', ''),
(69, 0, '0', 'Bata H/C III', 6, 22, 23, '772657256', '', '', '', '', '0000-00-00 00:00:00', ''),
(71, 0, '0', 'Bibia H/C III', 6, 5, 12, '774592062', '', '', '', '', '0000-00-00 00:00:00', ''),
(72, 0, '0', 'Biddabugya H/C III', 6, 71, 79, '785732682', '', '', '', '', '0000-00-00 00:00:00', ''),
(73, 0, '0', 'Bigodi H/C III', 6, 37, 101, '773295818', '', '', '', '', '0000-00-00 00:00:00', ''),
(74, 0, '0', 'Bihanga H/C III (Buhweju)', 6, 109, 80, '781507660', '', '', '', '', '0000-00-00 00:00:00', ''),
(75, 0, '0', 'Binya H/C II', 5, 23, 27, '', '', '', '', '', '0000-00-00 00:00:00', ''),
(76, 0, '0', 'Binyiny H/C III', 6, 39, 44, '754172238', '', '', '', '', '0000-00-00 00:00:00', ''),
(78, 0, '0', 'Bisheshe H/C III', 6, 25, 85, '783627202', '', '', '', '', '0000-00-00 00:00:00', ''),
(79, 0, '0', 'Bishop Masereka H/C III', 6, 40, 52, '774114384', '', '', '', '', '0000-00-00 00:00:00', ''),
(80, 0, '0', 'Bitereko H/C III', 6, 111, 72, '782444026', '', '', '', '', '0000-00-00 00:00:00', ''),
(81, 0, '0', 'Bobi H/C III', 6, 23, 4, '785414568', '', '', '', '', '0000-00-00 00:00:00', ''),
(82, 0, '0', 'Bombo Military Hospital ', 9, 55, 63, '772859404', '', '', '', '', '0000-00-00 00:00:00', ''),
(83, 0, '0', 'Boroboro H/C III', 6, 54, 61, '777141157', '', '', '', '', '0000-00-00 00:00:00', ''),
(84, 0, '0', 'Bubaare H/C III (Mbarara)', 6, 63, 71, '773006481', '', '', '', '', '0000-00-00 00:00:00', ''),
(85, 0, '0', 'Bubulo H/C IV', 7, 57, 70, '752521805', '', '', '', '', '0000-00-00 00:00:00', ''),
(86, 0, '0', 'Budadiri H/C IV', 7, 83, 114, '782083486', '', '', '', '', '0000-00-00 00:00:00', ''),
(87, 0, '0', 'Budaka H/C IV', 7, 8, 70, '782310948', '', '', '', '', '0000-00-00 00:00:00', ''),
(88, 0, '0', 'Budondo H/C IV', 7, 28, 31, '782932700', '', '', '', '', '0000-00-00 00:00:00', ''),
(89, 0, '0', 'Bududa Hospital', 9, 9, 97, '782150480', '', '', '', '', '0000-00-00 00:00:00', ''),
(90, 0, '0', 'Budumba H/C III', 6, 18, 20, '753701164', '', '', '', '', '0000-00-00 00:00:00', ''),
(91, 0, '0', 'Bufumbo H/C IV', 7, 62, 70, '782664114', '', '', '', '', '0000-00-00 00:00:00', ''),
(92, 0, '0', 'Bufunda H/C III', 6, 25, 85, '772935060', '', '', '', '', '0000-00-00 00:00:00', ''),
(93, 0, '0', 'Bugalo H/C III', 6, 18, 20, '', '', '', '', '', '0000-00-00 00:00:00', ''),
(94, 0, '0', 'Bugamba H/C IV', 7, 63, 71, '782460178', '', '', '', '', '0000-00-00 00:00:00', ''),
(95, 0, '0', 'Bugambe H/C II (Hoima)', 5, 24, 28, '782323029', '', '', '', '', '0000-00-00 00:00:00', ''),
(96, 0, '0', 'Bugambe Tea H/C III (Hoima)', 6, 24, 28, '782946022', '', '', '', '', '0000-00-00 00:00:00', ''),
(97, 0, '0', 'Bugembe H/C  IV', 7, 28, 31, '772323503', '', '', '', '', '0000-00-00 00:00:00', ''),
(98, 0, '0', 'Buginyanya H/C III (Sironko)', 6, 83, 114, '784959757', '', '', '', '', '0000-00-00 00:00:00', ''),
(99, 0, '0', 'Bugiri Hospital', 9, 10, 15, '782309581', '', '', '', '', '0000-00-00 00:00:00', ''),
(100, 0, '0', 'Bugobero H/C IV', 7, 57, 70, '752521809', '', '', '', '', '0000-00-00 00:00:00', ''),
(101, 0, '0', 'Bugono H/C IV', 7, 26, 29, '712950841', '', '', '', '', '0000-00-00 00:00:00', ''),
(102, 0, '0', 'Bugoye H/C III', 6, 40, 52, '706907535', '', '', '', '', '0000-00-00 00:00:00', ''),
(103, 0, '0', 'Buhara H/C III (Govt)', 6, 30, 33, '787032220', '', '', '', '', '0000-00-00 00:00:00', ''),
(104, 0, '0', 'Buhehe H/C III', 6, 17, 67, '779346042', '', '', '', '', '0000-00-00 00:00:00', ''),
(105, 0, '0', 'Buhimba H/C III', 6, 24, 28, '', '', '', '', '', '0000-00-00 00:00:00', ''),
(106, 0, '0', 'Buhunga H/C IV', 7, 81, 81, '701353844', '', '', '', '', '0000-00-00 00:00:00', ''),
(107, 0, '0', 'Buikwe Hospital (St Charlse Lwanga)', 9, 11, 48, '784470442', '', '', '', '', '0000-00-00 00:00:00', ''),
(108, 0, '0', 'Bujubuli H/C III', 6, 51, 58, '782591502', '', '', '', '', '0000-00-00 00:00:00', ''),
(109, 0, '0', 'Bukangama H/C III', 6, 15, 18, '794527535', '', '', '', '', '0000-00-00 00:00:00', ''),
(110, 0, '0', 'Bukedea H/C IV', 7, 12, 13, '716041412', '', '', '', '', '0000-00-00 00:00:00', ''),
(111, 0, '0', 'Buremba H/C III', 6, 45, 86, '773007418', '', '', '', '', '0000-00-00 00:00:00', ''),
(112, 0, '0', 'Bukigai H/C III', 6, 9, 97, '775985968', '', '', '', '', '0000-00-00 00:00:00', ''),
(113, 0, '0', 'Bukinda H/C III', 6, 30, 33, '775573662', '', '', '', '', '0000-00-00 00:00:00', ''),
(114, 0, '0', 'Bukomero H/C IV', 7, 44, 50, '784713664', '', '', '', '', '0000-00-00 00:00:00', ''),
(115, 0, '0', 'Bukoto H/C III', 6, 59, 68, '784834893', '', '', '', '', '0000-00-00 00:00:00', ''),
(116, 0, '0', 'Bukulula H/C IV', 7, 90, 100, '775430480', '', '', '', '', '0000-00-00 00:00:00', ''),
(117, 0, '0', 'Bukuuku H/C IV ', 7, 31, 25, '704753355', '', '', '', '', '0000-00-00 00:00:00', ''),
(118, 0, '0', 'Bukuya H/C III', 6, 68, 46, '712134102', '', '', '', '', '0000-00-00 00:00:00', ''),
(119, 0, '0', 'Bukwo H/C IV', 7, 13, 44, '777603015', '', '', '', '', '0000-00-00 00:00:00', ''),
(120, 0, '0', 'Bulange H/C III', 6, 73, 15, '782553672', '', '', '', '', '0000-00-00 00:00:00', ''),
(121, 0, '0', 'Buliisa H/C IV', 7, 14, 16, '774665077', '', '', '', '', '0000-00-00 00:00:00', ''),
(122, 0, '0', 'Buluba Hospital St Francis', 9, 61, 31, '777054600', '', '', '', '', '0000-00-00 00:00:00', ''),
(123, 0, '0', 'Bumanya H/C IV', 7, 34, 17, '788597147', '', '', '', '', '0000-00-00 00:00:00', ''),
(124, 0, '0', 'Bundibugyo Hospital  ', 9, 15, 18, '771630999', '', '', '', '', '0000-00-00 00:00:00', ''),
(125, 0, '0', 'Bung H/C II', 5, 104, 61, '751721709', '', '', '', '', '0000-00-00 00:00:00', ''),
(126, 0, '0', 'Bungokho Mutoto H/C III', 6, 62, 70, '704312235', '', '', '', '', '0000-00-00 00:00:00', ''),
(127, 0, '0', 'Bunoga H/C III', 6, 37, 101, '753341673', '', '', '', '', '0000-00-00 00:00:00', ''),
(128, 0, '0', 'Bunyiiro H/C III', 6, 26, 29, '706028527', '', '', '', '', '0000-00-00 00:00:00', ''),
(129, 0, '0', 'Buraru H/C III', 6, 24, 28, '773702096', '', '', '', '', '0000-00-00 00:00:00', ''),
(131, 0, '0', 'Busaba H/C III', 6, 18, 20, '753097842', '', '', '', '', '0000-00-00 00:00:00', ''),
(132, 0, '0', 'Busamaga H/C III', 6, 62, 70, ' ', '', '', '', '', '0000-00-00 00:00:00', ''),
(133, 0, '0', 'Busano H/C III', 6, 62, 70, '', '', '', '', '', '0000-00-00 00:00:00', ''),
(134, 0, '0', 'Busanza H/C IV ', 7, 46, 54, '773219980', '', '', '', '', '0000-00-00 00:00:00', ''),
(135, 0, '0', 'Busesa H/C IV', 7, 26, 29, '772697750', '', '', '', '', '0000-00-00 00:00:00', ''),
(136, 0, '0', 'Buseta H/C III', 6, 95, 82, '751480609', '', '', '', '', '0000-00-00 00:00:00', ''),
(137, 0, '0', 'Bushenyi H/C IV', 7, 16, 19, '701283662', '', '', '', '', '0000-00-00 00:00:00', ''),
(138, 0, '0', 'Bushenyi Medical Centre H/C III', 6, 16, 19, '772958343', '', '', '', '', '0000-00-00 00:00:00', ''),
(139, 0, '0', 'Bushikori H/C III', 6, 62, 70, '784959757', '', '', '', '', '0000-00-00 00:00:00', ''),
(140, 0, '0', 'Bushiyi H/C III', 6, 9, 97, '', '', '', '', '', '0000-00-00 00:00:00', ''),
(142, 0, '0', 'Busia H/C IV', 7, 17, 67, '777828568', '', '', '', '', '0000-00-00 00:00:00', ''),
(143, 0, '0', 'Busiriba H/C II', 5, 37, 101, ' ', '', '', '', '', '0000-00-00 00:00:00', ''),
(144, 0, '0', 'Busolwe Hospital', 9, 18, 20, '753200001', '', '', '', '', '0000-00-00 00:00:00', ''),
(145, 0, '0', 'Busiu H/C IV', 7, 62, 70, '752840585', '', '', '', '', '0000-00-00 00:00:00', ''),
(146, 0, '0', 'Butabika  Hospital', 9, 35, 41, '772848761', '', '', '', '', '0000-00-00 00:00:00', ''),
(147, 0, '0', 'Butebo H/C IV', 7, 79, 13, '', '', '', '', '', '0000-00-00 00:00:00', ''),
(148, 0, '0', 'Butema H/C III', 6, 24, 28, '773764156', '', '', '', '', '0000-00-00 00:00:00', ''),
(149, 0, '0', 'Butenga H/C IV', 7, 93, 100, '752851694', '', '', '', '', '0000-00-00 00:00:00', ''),
(150, 0, '0', 'Butiiti H/C III', 6, 52, 60, '779982354', '', '', '', '', '0000-00-00 00:00:00', ''),
(151, 0, '0', 'Butiru H/C III', 6, 57, 70, '772079346', '', '', '', '', '0000-00-00 00:00:00', ''),
(152, 0, '0', 'Butunduzi H/C III', 6, 52, 60, '774455662', '', '', '', '', '0000-00-00 00:00:00', ''),
(153, 0, '0', 'Buvuma H/C IV', 7, 19, 49, '', '', '', '', '', '0000-00-00 00:00:00', ''),
(154, 0, '0', 'Buwaiswa H/C III', 6, 61, 117, '782899189', '', '', '', '', '0000-00-00 00:00:00', ''),
(155, 0, '0', 'Buwambo H/C IV', 7, 86, 24, '772885227', '', '', '', '', '0000-00-00 00:00:00', ''),
(156, 0, '0', 'Buwasa H/C IV', 7, 83, 114, '772699588', '', '', '', '', '0000-00-00 00:00:00', ''),
(157, 0, '0', 'Buwasunguyi H/C II', 5, 57, 95, '774788450', '', '', '', '', '0000-00-00 00:00:00', ''),
(158, 0, '0', 'Buwenge H/C IV', 7, 28, 31, '774532044', '', '', '', '', '0000-00-00 00:00:00', ''),
(159, 0, '0', 'Buyamba H/C III-Rakai', 6, 80, 83, '754724490', '', '', '', '', '0000-00-00 00:00:00', ''),
(160, 0, '0', 'Buyinja H/C IV', 7, 98, 21, '772533225', '', '', '', '', '0000-00-00 00:00:00', ''),
(161, 0, '0', 'Buyoga H/C III', 6, 93, 93, '75151592764', '', '', '', '', '0000-00-00 00:00:00', ''),
(162, 0, '0', 'Bwera Hospital ', 9, 40, 37, '773981466', '', '', '', '', '0000-00-00 00:00:00', ''),
(163, 0, '0', 'Bwijanga H/C IV', 7, 60, 69, '782675394', '', '', '', '', '0000-00-00 00:00:00', ''),
(164, 0, '0', 'Bwindi Community Hospital', 9, 38, 43, '774035916', '', '', '', '', '0000-00-00 00:00:00', ''),
(165, 0, '0', 'Bwizi H/C III', 6, 37, 101, '776294245', '', '', '', '', '0000-00-00 00:00:00', ''),
(166, 0, '0', 'Bwizibwera H/C IV ', 7, 63, 71, '701241770', '', '', '', '', '0000-00-00 00:00:00', ''),
(167, 0, '0', 'Bwongyera H/C III', 6, 75, 30, '787718152', '', '', '', '', '0000-00-00 00:00:00', ''),
(168, 0, '0', 'Chahafi H/C IV', 7, 46, 54, '', '', '', '', '', '0000-00-00 00:00:00', ''),
(169, 0, '0', 'Chawente H/C IV', 7, 6, 4, '', '', '', '', '', '0000-00-00 00:00:00', ''),
(170, 0, '0', 'Chegere H/C II', 5, 6, 4, '772352137', '', '', '', '', '0000-00-00 00:00:00', ''),
(171, 0, '0', 'Ciforo H/C III', 6, 2, 6, '774223837', '', '', '', '', '0000-00-00 00:00:00', ''),
(172, 0, '0', 'Comboni Hospital', 9, 16, 19, '', '', '', '', '', '0000-00-00 00:00:00', ''),
(173, 0, '0', 'Coope H/C II', 5, 23, 27, '774848424', '', '', '', '', '0000-00-00 00:00:00', ''),
(174, 0, '0', 'Kotido COU   H/C III', 6, 49, 57, '775780829', '', '', '', '', '0000-00-00 00:00:00', ''),
(175, 0, '0', 'Cure Children Hospital of Uganda', 12, 62, 70, '', '', '', '', '', '0000-00-00 00:00:00', ''),
(176, 0, '0', 'Cwero H/C III', 6, 23, 27, '778402703', '', '', '', '', '0000-00-00 00:00:00', ''),
(177, 0, '0', 'Dabani Hosipital', 7, 17, 67, '779110252', '', '', '', '', '0000-00-00 00:00:00', ''),
(178, 0, '0', 'Dakabela H/C III', 6, 84, 92, '772329858', '', '', '', '', '0000-00-00 00:00:00', ''),
(179, 0, '0', 'Dokolo H/C IV', 7, 22, 23, '782266750', '', '', '', '', '0000-00-00 00:00:00', ''),
(180, 0, '0', 'Endiinzi H/C III', 6, 27, 87, '787295718', '', '', '', '', '0000-00-00 00:00:00', ''),
(181, 0, '0', 'Entebbe Grade A Hospital', 9, 86, 24, '752263100', '', '', '', '', '0000-00-00 00:00:00', ''),
(182, 0, '0', 'Etam H/C III', 6, 3, 7, '773115270', '', '', '', '', '0000-00-00 00:00:00', ''),
(183, 0, '0', 'Family Health Resource Centre Kiruhura ', 12, 45, 86, '785108327', '', '', '', '', '0000-00-00 00:00:00', ''),
(184, 0, '0', 'Family Hope Centre Jinja', 12, 28, 31, '772819859', '', '', '', '', '0000-00-00 00:00:00', ''),
(185, 0, '0', 'Family Hope Centre Kampala', 12, 35, 41, '752528843', '', '', '', '', '0000-00-00 00:00:00', ''),
(186, 0, '0', 'FinlaysMwenge H/C III', 6, 52, 60, '', '', '', '', '', '0000-00-00 00:00:00', ''),
(187, 0, '0', 'FortPortal R R Hospital', 11, 31, 25, '772339369', '', '', '', '', '0000-00-00 00:00:00', ''),
(188, 0, '0', 'Galiraaya H/C III', 6, 42, 49, '752398986', '', '', '', '', '0000-00-00 00:00:00', ''),
(189, 0, '0', 'Gangama H/C II', 5, 62, 70, ' ', '', '', '', '', '0000-00-00 00:00:00', ''),
(190, 0, '0', 'Gogonyo H/C III', 6, 79, 82, '777258208', '', '', '', '', '0000-00-00 00:00:00', ''),
(191, 0, '0', 'Gombe Hospital ', 9, 88, 26, '775272856', '', '', '', '', '0000-00-00 00:00:00', ''),
(192, 0, '0', 'Gulu Independent Hospital', 9, 23, 27, '778640859', '', '', '', '', '0000-00-00 00:00:00', ''),
(193, 0, '0', 'Gulu Military Hospital (4th Division)', 9, 23, 27, '778938159', '', '', '', '', '0000-00-00 00:00:00', ''),
(194, 0, '0', 'Gulu Prison H/C III', 6, 23, 27, '754414873', '', '', '', '', '0000-00-00 00:00:00', ''),
(195, 0, '0', 'Gulu R R Hospital', 11, 23, 27, '779201168', '', '', '', '', '0000-00-00 00:00:00', ''),
(196, 0, '0', 'Gweri H/C III', 6, 84, 92, '774206049', '', '', '', '', '0000-00-00 00:00:00', ''),
(197, 0, '0', 'Hamurwa H/C IV', 7, 30, 33, '775828838', '', '', '', '', '0000-00-00 00:00:00', ''),
(198, 0, '0', 'Herman Meiner H/C II', 5, 23, 27, '', '', '', '', '', '0000-00-00 00:00:00', ''),
(199, 0, '0', 'Hoima R R Hospital', 11, 24, 28, '775923299', '', '', '', '', '0000-00-00 00:00:00', ''),
(200, 0, '0', 'Holy Family Hospital-Nyapea', 9, 108, 78, '', '', '', '', '', '0000-00-00 00:00:00', ''),
(201, 0, '0', 'Ibanda Hospital', 9, 25, 85, '783406816', '', '', '', '', '0000-00-00 00:00:00', ''),
(202, 0, '0', 'Ibuje H/C III', 6, 6, 4, '784485391', '', '', '', '', '0000-00-00 00:00:00', ''),
(203, 0, '0', 'Iceme H/C III', 6, 77, 4, '772085176', '', '', '', '', '0000-00-00 00:00:00', ''),
(204, 0, '0', 'Iganga Hospital', 9, 26, 29, '772621850', '', '', '', '', '0000-00-00 00:00:00', ''),
(205, 0, '0', 'Ihandiro H/C III', 6, 40, 37, '779785304', '', '', '', '', '0000-00-00 00:00:00', ''),
(206, 0, '0', 'Iki  Iki H/C III', 6, 8, 70, '779035400', '', '', '', '', '0000-00-00 00:00:00', ''),
(207, 0, '0', 'Inomo H/C III', 6, 6, 4, '782290652', '', '', '', '', '0000-00-00 00:00:00', ''),
(208, 0, '0', 'Iruhuura H/C III', 6, 31, 25, '', '', '', '', '', '0000-00-00 00:00:00', ''),
(209, 0, '0', 'Ishaka Adventist Hospital', 9, 16, 19, '784979804', '', '', '', '', '0000-00-00 00:00:00', ''),
(210, 0, '0', 'Ishongororo H/C IV', 7, 25, 85, '776534734', '', '', '', '', '0000-00-00 00:00:00', ''),
(211, 0, '0', 'Iss Clinic (Mbarara R R Hospital)', 12, 63, 71, '755553190', '', '', '', '', '0000-00-00 00:00:00', ''),
(212, 0, '0', 'Itojo Hospital', 9, 75, 30, '704338228', '', '', '', '', '0000-00-00 00:00:00', ''),
(213, 0, '0', 'Ivukula H/C III', 6, 73, 17, '774250829', '', '', '', '', '0000-00-00 00:00:00', ''),
(214, 0, '0', 'JCRC Fort Portal', 12, 31, 25, '', '', '', '', '', '0000-00-00 00:00:00', ''),
(215, 0, '0', 'JCRC Gulu', 12, 23, 27, '', '', '', '', '', '0000-00-00 00:00:00', ''),
(216, 0, '0', 'JCRC Kabale', 12, 30, 33, '', '', '', '', '', '0000-00-00 00:00:00', ''),
(217, 0, '0', 'JCRC Kakira', 12, 28, 31, '', '', '', '', '', '0000-00-00 00:00:00', ''),
(218, 0, '0', 'JCRC Mbale', 12, 62, 70, '', '', '', '', '', '0000-00-00 00:00:00', ''),
(219, 0, '0', 'JCRC Mbarara', 12, 63, 71, '', '', '', '', '', '0000-00-00 00:00:00', ''),
(220, 0, '0', 'JCRC Mubende', 12, 68, 76, '', '', '', '', '', '0000-00-00 00:00:00', ''),
(221, 0, '0', 'Jengari H/C II', 5, 6, 4, '', '', '', '', '', '0000-00-00 00:00:00', ''),
(222, 0, '0', 'Jinja R R Hospital ', 11, 28, 31, '712811359', '', '', '', '', '0000-00-00 00:00:00', ''),
(223, 0, '0', 'Kaabong Hospital', 9, 29, 32, '783712118', '', '', '', '', '0000-00-00 00:00:00', ''),
(224, 0, '0', 'Kabale R R Hospital', 11, 30, 33, '782407445', '', '', '', '', '0000-00-00 00:00:00', ''),
(225, 0, '0', 'Kabarole Hospital C.O.U', 9, 31, 25, '782813064', '', '', '', '', '0000-00-00 00:00:00', ''),
(226, 0, '0', 'Kabende H/C II', 5, 31, 25, '704673787', '', '', '', '', '0000-00-00 00:00:00', ''),
(227, 0, '0', 'Kaberamaido H/C IV', 7, 32, 34, '782873234', '', '', '', '', '0000-00-00 00:00:00', ''),
(228, 0, '0', 'Kabira H/C III (Rakai)', 6, 80, 83, '779294758', '', '', '', '', '0000-00-00 00:00:00', ''),
(230, 0, '0', 'Kabuga H/C III ', 6, 37, 101, '784834077', '', '', '', '', '0000-00-00 00:00:00', ''),
(231, 0, '0', 'Kabuwoko H/C III', 6, 80, 83, '782957686', '', '', '', '', '0000-00-00 00:00:00', ''),
(232, 0, '0', 'Kabuyanda H/C IV', 7, 27, 87, '782018727', '', '', '', '', '0000-00-00 00:00:00', ''),
(233, 0, '0', 'Kabwohe Clinical Research Centre', 12, 114, 55, '779442114', '', '', '', '', '0000-00-00 00:00:00', ''),
(234, 0, '0', 'Kabwohe H/C IV', 7, 114, 55, '778049876', '', '', '', '', '0000-00-00 00:00:00', ''),
(235, 0, '0', 'Kabwoya H/C III', 6, 24, 28, '774642432', '', '', '', '', '0000-00-00 00:00:00', ''),
(236, 0, '0', 'Kachonga H/C III', 6, 18, 20, '772454606', '', '', '', '', '0000-00-00 00:00:00', ''),
(237, 0, '0', 'Kachumbala H/C III', 6, 12, 13, '700903312', '', '', '', '', '0000-00-00 00:00:00', ''),
(238, 0, '0', 'Kaderuna H/C III', 6, 8, 82, '783371407', '', '', '', '', '0000-00-00 00:00:00', ''),
(239, 0, '0', 'Kagadi  Hospital', 9, 43, 36, '758184524', '', '', '', '', '0000-00-00 00:00:00', ''),
(240, 0, '0', 'Kagando Hospital', 9, 40, 37, '712325628', '', '', '', '', '0000-00-00 00:00:00', ''),
(241, 0, '0', 'Kagote H/C III', 6, 31, 25, '782972575', '', '', '', '', '0000-00-00 00:00:00', ''),
(242, 0, '0', 'Kajjansi H/C III', 6, 86, 24, '712193417', '', '', '', '', '0000-00-00 00:00:00', ''),
(243, 0, '0', 'Kakabara H/C III', 6, 51, 58, '782856089', '', '', '', '', '0000-00-00 00:00:00', ''),
(244, 0, '0', 'Kakindo H/C IV', 7, 43, 38, '779541559', '', '', '', '', '0000-00-00 00:00:00', ''),
(245, 0, '0', 'Kakinga H/C III', 6, 31, 25, '773239725', '', '', '', '', '0000-00-00 00:00:00', ''),
(246, 0, '0', 'Kakira Sugar Works Hospital ', 9, 28, 31, '774427238', '', '', '', '', '0000-00-00 00:00:00', ''),
(247, 0, '0', 'Kakuka H/C III', 6, 15, 18, '792111918', '', '', '', '', '0000-00-00 00:00:00', ''),
(248, 0, '0', 'Kakumiro H/C IV ', 7, 43, 38, '78389792', '', '', '', '', '0000-00-00 00:00:00', ''),
(249, 0, '0', 'Kakuuto H/C IV', 7, 80, 83, '789404356', '', '', '', '', '0000-00-00 00:00:00', ''),
(250, 0, '0', 'Kal Ali H/C II', 5, 23, 27, '773024270', '', '', '', '', '0000-00-00 00:00:00', ''),
(251, 0, '0', 'Kaladima H/C III', 6, 5, 12, '', '', '', '', '', '0000-00-00 00:00:00', ''),
(252, 0, '0', 'Kalagala H/C IV', 7, 55, 63, '', '', '', '', '', '0000-00-00 00:00:00', ''),
(253, 0, '0', 'Kalangala H/C IV', 7, 33, 113, '774022611', '', '', '', '', '0000-00-00 00:00:00', ''),
(255, 0, '0', 'Kalisizo Hospital ', 9, 80, 83, '703058040', '', '', '', '', '0000-00-00 00:00:00', ''),
(256, 0, '0', 'Kalongo Hospital ', 9, 101, 39, '775920363', '', '', '', '', '0000-00-00 00:00:00', ''),
(257, 0, '0', 'Kalungu H/C III', 6, 90, 100, '778666098', '', '', '', '', '0000-00-00 00:00:00', ''),
(258, 0, '0', 'Kamacha H/C III', 6, 50, 13, '774383339', '', '', '', '', '0000-00-00 00:00:00', ''),
(259, 0, '0', 'Kambuga Hospital ', 9, 38, 43, '772576219', '', '', '', '', '0000-00-00 00:00:00', ''),
(260, 0, '0', '', 1, 0, 1, '', '', '', '', '', '0000-00-00 00:00:00', ''),
(261, 0, '0', 'Kamuda H/C III', 6, 84, 92, '774192370', '', '', '', '', '0000-00-00 00:00:00', ''),
(262, 0, '0', 'Kamuganguzi H/C III', 6, 30, 33, '779411945', '', '', '', '', '0000-00-00 00:00:00', ''),
(263, 0, '0', 'Kamuge H/C III', 6, 79, 82, '782642627', '', '', '', '', '0000-00-00 00:00:00', ''),
(264, 0, '0', 'Kamukira H/C IV ', 7, 30, 33, '771648484', '', '', '', '', '0000-00-00 00:00:00', ''),
(265, 0, '0', 'Kamwenge H/C III', 9, 36, 42, '788011071', '', '', '', '', '0000-00-00 00:00:00', ''),
(266, 0, '0', 'Kamuli Mission Hospital', 9, 36, 42, '772034038', '', '', '', '', '0000-00-00 00:00:00', ''),
(267, 0, '0', 'Kamwenge H/C III', 6, 37, 101, '772957997', '', '', '', '', '0000-00-00 00:00:00', ''),
(268, 0, '0', 'Kamwezi   H/C IV ', 7, 30, 33, '779412269', '', '', '', '', '0000-00-00 00:00:00', ''),
(269, 0, '0', 'Kamwokya Christian Caring Community ', 12, 35, 41, '754560375', '', '', '', '', '0000-00-00 00:00:00', ''),
(270, 0, '0', 'Kanawat H/C III', 6, 49, 57, '782679529', '', '', '', '', '0000-00-00 00:00:00', ''),
(271, 0, '0', 'Kanara H/C II', 5, 37, 101, '789929390', '', '', '', '', '0000-00-00 00:00:00', ''),
(272, 0, '0', 'Kangai H/C III', 6, 22, 23, '774222224', '', '', '', '', '0000-00-00 00:00:00', ''),
(273, 0, '0', 'Kanginima Hospital', 9, 79, 82, '', '', '', '', '', '0000-00-00 00:00:00', ''),
(274, 0, '0', 'Kangulumira H/C IV', 7, 42, 49, '775547825', '', '', '', '', '0000-00-00 00:00:00', ''),
(275, 0, '0', 'Kanoni H/C III (Kiruhura)', 6, 45, 86, '782837423', '', '', '', '', '0000-00-00 00:00:00', ''),
(276, 0, '0', 'Kanungu H/C IV', 7, 38, 43, '774521156', '', '', '', '', '0000-00-00 00:00:00', ''),
(277, 0, '0', 'Kanyanya H/C IV', 7, 35, 41, ' ', '', '', '', '', '0000-00-00 00:00:00', ''),
(278, 0, '0', 'Kanyum H/C III', 6, 50, 13, '785621692', '', '', '', '', '0000-00-00 00:00:00', ''),
(279, 0, '0', 'Kapchorwa Hospital', 9, 39, 44, '', '', '', '', '', '0000-00-00 00:00:00', ''),
(280, 0, '0', 'Kapeeka H/C III', 6, 71, 79, '771616533', '', '', '', '', '0000-00-00 00:00:00', ''),
(281, 0, '0', 'Kapir H/C III', 6, 99, 105, '774405237', '', '', '', '', '0000-00-00 00:00:00', ''),
(282, 0, '0', 'Kaproron H/C IV', 7, 96, 44, '775641345', '', '', '', '', '0000-00-00 00:00:00', ''),
(283, 0, '0', 'Karambi H/C III (Kasese)', 6, 40, 37, '787391262', '', '', '', '', '0000-00-00 00:00:00', ''),
(284, 0, '0', 'Karenga H/C IV', 7, 29, 32, '775899843', '', '', '', '', '0000-00-00 00:00:00', ''),
(285, 0, '0', 'Karugutu H/C IV', 7, 112, 18, '787230261', '', '', '', '', '0000-00-00 00:00:00', ''),
(286, 0, '0', 'Karungu H/C III (Buhweju)', 6, 109, 80, '752352381', '', '', '', '', '0000-00-00 00:00:00', ''),
(287, 0, '0', 'Kasala H/C III', 6, 55, 63, '774035014', '', '', '', '', '0000-00-00 00:00:00', ''),
(288, 0, '0', 'Kasana H/C IV', 7, 55, 63, '', '', '', '', '', '0000-00-00 00:00:00', ''),
(289, 0, '0', 'Kasanga PHC III', 6, 40, 37, '773416108', '', '', '', '', '0000-00-00 00:00:00', ''),
(290, 0, '0', 'Kasangati H/C IV', 7, 86, 41, '774957192', '', '', '', '', '0000-00-00 00:00:00', ''),
(291, 0, '0', 'Kasasa H/C III', 6, 80, 83, '700367349', '', '', '', '', '0000-00-00 00:00:00', ''),
(292, 0, '0', 'Kaserem H/C III', 6, 39, 44, '701947989', '', '', '', '', '0000-00-00 00:00:00', ''),
(293, 0, '0', 'Kasese Town Council H/C III', 6, 40, 52, '777184708', '', '', '', '', '0000-00-00 00:00:00', ''),
(294, 0, '0', 'Kashumba H/C III', 6, 27, 87, '752830018', '', '', '', '', '0000-00-00 00:00:00', ''),
(295, 0, '0', 'Kassanda H/C IV', 7, 68, 46, '775964900', '', '', '', '', '0000-00-00 00:00:00', ''),
(296, 0, '0', 'Kasunganyanja H/C III', 6, 31, 25, '782744020', '', '', '', '', '0000-00-00 00:00:00', ''),
(297, 0, '0', 'Kasusu H/C III', 6, 31, 25, '773772235', '', '', '', '', '0000-00-00 00:00:00', ''),
(298, 0, '0', 'Kaswa H/C III', 6, 31, 25, '706495723', '', '', '', '', '0000-00-00 00:00:00', ''),
(299, 0, '0', 'Katabi Military Hospital', 9, 86, 24, '782872085', '', '', '', '', '0000-00-00 00:00:00', ''),
(300, 0, '0', 'Katadoba H/C III', 6, 40, 52, '779777068', '', '', '', '', '0000-00-00 00:00:00', ''),
(301, 0, '0', 'Katakwi H/C IV', 7, 41, 92, '', '', '', '', '', '0000-00-00 00:00:00', ''),
(302, 0, '0', 'Kataraka H/C IV', 7, 31, 25, '782750179', '', '', '', '', '0000-00-00 00:00:00', ''),
(303, 0, '0', 'Katerera H/C III', 6, 113, 84, '784689180', '', '', '', '', '0000-00-00 00:00:00', ''),
(304, 0, '0', 'Kathile H/C III', 6, 29, 32, '753553172', '', '', '', '', '0000-00-00 00:00:00', ''),
(305, 0, '0', 'Katimba H/C III', 6, 82, 93, '779212201', '', '', '', '', '0000-00-00 00:00:00', ''),
(306, 0, '0', 'Katooke H/C III', 6, 52, 60, '777741725', '', '', '', '', '0000-00-00 00:00:00', ''),
(307, 0, '0', 'Katwe H/C III (Kasese)', 6, 40, 37, '700245247', '', '', '', '', '0000-00-00 00:00:00', ''),
(309, 0, '0', 'Kawempe H/C IV', 7, 35, 41, '782418874', '', '', '', '', '0000-00-00 00:00:00', ''),
(310, 0, '0', 'Kawempe Home Care', 12, 35, 41, '783270837', '', '', '', '', '0000-00-00 00:00:00', ''),
(311, 0, '0', 'Kawolo Hospital', 9, 11, 48, '772628157', '', '', '', '', '0000-00-00 00:00:00', ''),
(312, 0, '0', 'Kayonza H/C III (Ntungamo)  ', 6, 75, 30, '775148855', '', '', '', '', '0000-00-00 00:00:00', ''),
(313, 0, '0', 'Kayunga Hospital', 9, 42, 49, '778886873', '', '', '', '', '0000-00-00 00:00:00', ''),
(314, 0, '0', 'Kazo H/C IV', 7, 45, 86, '772977845', '', '', '', '', '0000-00-00 00:00:00', ''),
(315, 0, '0', 'Kebisoni H/C IV', 7, 81, 81, '777460710', '', '', '', '', '0000-00-00 00:00:00', ''),
(317, 0, '0', 'Kibaale H/C IV', 7, 43, 38, '782096683', '', '', '', '', '0000-00-00 00:00:00', ''),
(318, 0, '0', 'Kibaire H/C II', 5, 24, 28, '', '', '', '', '', '0000-00-00 00:00:00', ''),
(319, 0, '0', 'Kibiito H/C IV ', 7, 31, 25, '7077480859', '', '', '', '', '0000-00-00 00:00:00', ''),
(320, 0, '0', 'Kiboga Hospital', 9, 44, 50, '7755999701', '', '', '', '', '0000-00-00 00:00:00', ''),
(321, 0, '0', 'Kibuku H/C IV', 7, 95, 82, '', '', '', '', '', '0000-00-00 00:00:00', ''),
(322, 0, '0', 'Kibuli Muslim Hospital ', 9, 35, 41, '772318348', '', '', '', '', '0000-00-00 00:00:00', ''),
(323, 0, '0', 'Kicheche H/C III', 6, 37, 101, '752964196', '', '', '', '', '0000-00-00 00:00:00', ''),
(324, 0, '0', 'Kicwamba H/C III (Kabarole)', 6, 31, 25, '774204875', '', '', '', '', '0000-00-00 00:00:00', ''),
(325, 0, '0', 'Kidera H/C IV', 7, 20, 51, '784747717', '', '', '', '', '0000-00-00 00:00:00', ''),
(326, 0, '0', 'Kidongole H/C III', 6, 12, 13, '783445499', '', '', '', '', '0000-00-00 00:00:00', ''),
(327, 0, '0', 'Kigambo H/C II', 5, 51, 58, '702769171', '', '', '', '', '0000-00-00 00:00:00', ''),
(328, 0, '0', 'Kiganda H/C IV', 7, 68, 46, '781498913', '', '', '', '', '0000-00-00 00:00:00', ''),
(329, 0, '0', 'Kigandalo H/C IV', 7, 61, 117, '774725303', '', '', '', '', '0000-00-00 00:00:00', ''),
(330, 0, '0', 'Kigaraale H/C III', 6, 52, 60, '', '', '', '', '', '0000-00-00 00:00:00', ''),
(331, 0, '0', 'Kigarama H/C III', 6, 114, 55, '782240597', '', '', '', '', '0000-00-00 00:00:00', ''),
(332, 0, '0', 'Kigorobya H/C IV', 7, 24, 28, '700604096', '', '', '', '', '0000-00-00 00:00:00', ''),
(333, 0, '0', 'Kihiihi H/C IV', 7, 38, 43, '779541916', '', '', '', '', '0000-00-00 00:00:00', ''),
(334, 0, '0', 'Kijura H/C III', 6, 31, 25, '787226897', '', '', '', '', '0000-00-00 00:00:00', ''),
(335, 0, '0', 'Kikagate H/C III', 6, 27, 87, '776462343', '', '', '', '', '0000-00-00 00:00:00', ''),
(336, 0, '0', 'Kiko H/C III', 6, 31, 25, '74330157', '', '', '', '', '0000-00-00 00:00:00', ''),
(337, 0, '0', 'Kikuube H/C IV', 7, 24, 28, '774318380', '', '', '', '', '0000-00-00 00:00:00', ''),
(338, 0, '0', 'Kikyenkye H/C III', 6, 25, 85, '752401556', '', '', '', '', '0000-00-00 00:00:00', ''),
(339, 0, '0', 'Kikyo H/C IV ', 7, 15, 18, '779484569', '', '', '', '', '0000-00-00 00:00:00', ''),
(340, 0, '0', 'Kilak H/C III', 6, 78, 39, '774336186', '', '', '', '', '0000-00-00 00:00:00', ''),
(341, 0, '0', 'Kilembe Mines Hospital', 9, 40, 52, '783327494', '', 'KASOKE HENRY', '', '', '0000-00-00 00:00:00', ''),
(342, 0, '0', 'Kinoni H/C III (Lwengo)', 6, 92, 115, '783557603', '', '', '', '', '0000-00-00 00:00:00', ''),
(343, 0, '0', 'Kinoni H/C IV (Mbarara)', 7, 63, 71, '775815620', '', '', '', '', '0000-00-00 00:00:00', ''),
(344, 0, '0', 'Kinyabwamba H/C III', 6, 40, 52, '773596024', '', '', '', '', '0000-00-00 00:00:00', ''),
(345, 0, '0', 'Kinyamaseke H/C III', 6, 40, 37, '787362514', '', '', '', '', '0000-00-00 00:00:00', ''),
(346, 0, '0', 'Kirambi  H/C  III', 6, 31, 25, '', '', '', '', '', '0000-00-00 00:00:00', ''),
(347, 0, '0', 'Kirema H/C III', 6, 71, 79, '782667396', '', '', '', '', '0000-00-00 00:00:00', ''),
(348, 0, '0', 'Kiruddu H/C III', 6, 35, 41, '712008051', '', '', '', '', '0000-00-00 00:00:00', ''),
(349, 0, '0', 'Kiruhura H/C IV', 7, 45, 86, '752655890', '', '', '', '', '0000-00-00 00:00:00', ''),
(350, 0, '0', 'Kiryandongo Hospital', 9, 110, 53, '784415121', '', '', '', '', '0000-00-00 00:00:00', ''),
(351, 0, '0', 'Kisaaru Tea H/C II', 5, 24, 28, '759961949', '', '', '', '', '0000-00-00 00:00:00', ''),
(352, 0, '0', 'Kisiizi Hospital C.O.U (Rukungiri)', 9, 81, 81, '775362708', '', '', '', '', '0000-00-00 00:00:00', ''),
(353, 0, '0', 'Kisojo H/C III (Kyenjojo)', 6, 52, 60, '774072755', '', '', '', '', '0000-00-00 00:00:00', ''),
(354, 0, '0', 'Kisomoro H/C III', 6, 31, 25, '772931104', '', '', '', '', '0000-00-00 00:00:00', ''),
(355, 0, '0', 'Kisoro Hospital', 9, 46, 54, '782879611', '', '', '', '', '0000-00-00 00:00:00', ''),
(356, 0, '0', 'Kisubi Hospital', 9, 86, 24, '', '', '', '', '', '0000-00-00 00:00:00', ''),
(357, 0, '0', 'Kiswa H/C IV', 7, 35, 41, '782439571', '', '', '', '', '0000-00-00 00:00:00', ''),
(358, 0, '0', 'Kitagata  Hospital', 9, 114, 55, '782379703', '', '', '', '', '0000-00-00 00:00:00', ''),
(359, 0, '0', 'Kitebi H/C III', 6, 35, 41, '788400410', '', '', '', '', '0000-00-00 00:00:00', ''),
(360, 0, '0', 'Kitgum General Hospital', 9, 47, 56, '784340824', '', '', '', '', '0000-00-00 00:00:00', ''),
(361, 0, '0', 'Kitgum Matidi H/C III', 6, 47, 56, '782994849', '', '', '', '', '0000-00-00 00:00:00', ''),
(362, 0, '0', 'Kitimba H/C III', 6, 88, 26, '701362998', '', '', '', '', '0000-00-00 00:00:00', ''),
(363, 0, '0', 'Kitondo H/C III', 6, 75, 30, '779098867', '', '', '', '', '0000-00-00 00:00:00', ''),
(364, 0, '0', 'Kitoole H/C II', 5, 24, 28, '779545981', '', '', '', '', '0000-00-00 00:00:00', ''),
(365, 0, '0', 'Kitovu Hospital ', 9, 59, 68, '753612190', '', '', '', '', '0000-00-00 00:00:00', ''),
(366, 0, '0', 'Kitswamba H/C III', 6, 40, 52, '785114118', '', '', '', '', '0000-00-00 00:00:00', ''),
(367, 0, '0', 'Kitwe H/C IV', 7, 75, 30, '782479505', '', '', '', '', '0000-00-00 00:00:00', ''),
(368, 0, '0', 'Kityerera H/C IV', 7, 61, 117, '774157719', '', '', '', '', '0000-00-00 00:00:00', ''),
(369, 0, '0', 'Kiwangala H/C IV', 7, 92, 115, '7014388783', '', '', '', '', '0000-00-00 00:00:00', ''),
(370, 0, '0', 'Kiwoko Hospital ', 9, 71, 79, '779652937', '', '', '', '', '0000-00-00 00:00:00', ''),
(371, 0, '0', 'Kiyombya H/C III', 6, 31, 25, '781177043', '', '', '', '', '0000-00-00 00:00:00', ''),
(372, 0, '0', 'Kiyumba H/C IV', 7, 59, 68, '753075923', '', '', '', '', '0000-00-00 00:00:00', ''),
(373, 0, '0', 'Kiyunga H/C IV ( Luuka)', 7, 97, 29, '782389973', '', '', '', '', '0000-00-00 00:00:00', ''),
(374, 0, '0', 'Koboko H/C IV', 7, 48, 11, '794884681', '', '', '', '', '0000-00-00 00:00:00', ''),
(375, 0, '0', 'Kobwin H/C III', 6, 99, 105, '774662408', '', '', '', '', '0000-00-00 00:00:00', ''),
(376, 0, '0', 'Koch Goma H/C III', 6, 106, 10, '779652419', '', '', '', '', '0000-00-00 00:00:00', ''),
(377, 0, '0', 'Koch Ongako H/C III', 6, 23, 27, '', '', '', '', '', '0000-00-00 00:00:00', ''),
(378, 0, '0', 'Kojja H/C IV', 7, 69, 49, '782861434', '', '', '', '', '0000-00-00 00:00:00', ''),
(379, 0, '0', 'Kolonyi H/C III', 6, 62, 70, '', '', '', '', '', '0000-00-00 00:00:00', ''),
(380, 0, '0', 'Kotido H/C IV', 7, 49, 57, '788244922', '', '', '', '', '0000-00-00 00:00:00', ''),
(381, 0, '0', 'Kubongi Military Hospital', 9, 85, 95, ' ', '', '', '', '', '0000-00-00 00:00:00', ''),
(382, 0, '0', 'Kulikulinga H/C III', 6, 87, 96, '782316155', '', '', '', '', '0000-00-00 00:00:00', ''),
(383, 0, '0', 'Kuluva Hospital', 9, 7, 11, '', '', '', '', '', '0000-00-00 00:00:00', ''),
(384, 0, '0', 'Kumi H/C IV', 7, 50, 105, '785872595', '', '', '', '', '0000-00-00 00:00:00', ''),
(385, 0, '0', 'Kumi Hospital ', 9, 50, 105, '779466258', '', '', '', '', '0000-00-00 00:00:00', ''),
(386, 0, '0', 'Kwera H/C III', 6, 22, 23, '774919190', '', '', '', '', '0000-00-00 00:00:00', ''),
(387, 0, '0', 'Kyabenda H/C III', 6, 37, 101, '772958100', '', '', '', '', '0000-00-00 00:00:00', ''),
(388, 0, '0', 'Kyabugimbi H/C IV ', 7, 16, 19, '776554509', '', '', '', '', '0000-00-00 00:00:00', ''),
(389, 0, '0', 'Kyanamukaka H/C IV', 7, 59, 68, '784508486', '', '', '', '', '0000-00-00 00:00:00', ''),
(390, 0, '0', 'Kyangwali H/C IV', 7, 24, 28, '775522283', '', '', '', '', '0000-00-00 00:00:00', ''),
(391, 0, '0', 'Kyangyenyi H/C III', 6, 114, 55, '779413048', '', '', '', '', '0000-00-00 00:00:00', ''),
(393, 0, '0', 'Kyara H/C III', 6, 84, 92, '', '', '', '', '', '0000-00-00 00:00:00', ''),
(394, 0, '0', 'Kyarumba PHC III', 6, 40, 37, '778781736', '', '', '', '', '0000-00-00 00:00:00', ''),
(395, 0, '0', 'Kyarusozi H/C IV ', 7, 52, 60, '701323841', '', '', '', '', '0000-00-00 00:00:00', ''),
(396, 0, '0', 'Kyazanga H/C IV', 7, 92, 115, '782343989', '', '', '', '', '0000-00-00 00:00:00', ''),
(397, 0, '0', 'Kyebe H/C III', 6, 80, 83, '775734163', '', '', '', '', '0000-00-00 00:00:00', ''),
(398, 0, '0', 'Kyegegwa H/C IV', 7, 51, 58, '774512264', '', '', '', '', '0000-00-00 00:00:00', ''),
(399, 0, '0', 'Kyehoro H/C III', 6, 24, 28, '783706631', '', '', '', '', '0000-00-00 00:00:00', ''),
(400, 0, '0', 'Kyembogo H/C III', 6, 52, 60, '774107290', '', '', '', '', '0000-00-00 00:00:00', ''),
(402, 0, '0', 'Kyere H/C III', 6, 100, 90, '773009591', '', '', '', '', '0000-00-00 00:00:00', ''),
(403, 0, '0', 'Labworomor H/C III', 6, 23, 27, '711994021', '', '', '', '', '0000-00-00 00:00:00', ''),
(404, 0, '0', 'Lagoro', 1, 47, 56, '774151891', '', '', '', '', '0000-00-00 00:00:00', ''),
(405, 0, '0', 'Laguti H/C III', 6, 78, 56, '782274125', '', '', '', '', '0000-00-00 00:00:00', ''),
(406, 0, '0', 'Lalogi  H/C IV ', 7, 23, 102, '777328083', '', '', '', '', '0000-00-00 00:00:00', ''),
(407, 0, '0', 'Lamanober H/C III', 6, 23, 27, '', '', '', '', '', '0000-00-00 00:00:00', ''),
(408, 0, '0', 'Langol H/C II', 5, 106, 10, '711771296', '', '', '', '', '0000-00-00 00:00:00', ''),
(409, 0, '0', 'Lapainat H/C III', 6, 23, 27, '777646767', '', '', '', '', '0000-00-00 00:00:00', ''),
(410, 0, '0', 'Laroo H/C III', 6, 23, 27, '783157225', '', '', '', '', '0000-00-00 00:00:00', ''),
(411, 0, '0', 'Latoro H/C II', 5, 23, 10, '', '', '', '', '', '0000-00-00 00:00:00', ''),
(412, 0, '0', 'Layibi Techo H/C III', 6, 23, 27, '782554660', '', '', '', '', '0000-00-00 00:00:00', ''),
(413, 0, '0', 'Lira  Kato H/C III (  Agago )', 6, 101, 39, '789914352', '', '', '', '', '0000-00-00 00:00:00', ''),
(414, 0, '0', 'Lira Medical Centre ', 12, 54, 61, '783463131', '', '', '', '', '0000-00-00 00:00:00', ''),
(415, 0, '0', 'Lira Palwo H/C III', 6, 101, 39, '777483084', '', '', '', '', '0000-00-00 00:00:00', ''),
(416, 0, '0', 'Lira R R Hospital', 9, 54, 61, '701652073', '', '', '', '', '0000-00-00 00:00:00', ''),
(417, 0, '0', 'Lobo  rom H/C III', 6, 47, 56, '782635594', '', '', '', '', '0000-00-00 00:00:00', ''),
(418, 0, '0', 'Lobule H/C III', 6, 48, 11, '773992252', '', '', '', '', '0000-00-00 00:00:00', ''),
(419, 0, '0', 'Lokung H/C III', 6, 53, 65, '775643537', '', '', '', '', '0000-00-00 00:00:00', ''),
(420, 0, '0', 'Lorengedwat H/C III', 6, 70, 94, '774092392', '', '', '', '', '0000-00-00 00:00:00', ''),
(421, 0, '0', 'Lugole H/C II', 5, 6, 4, '', '', '', '', '', '0000-00-00 00:00:00', ''),
(422, 0, '0', 'Lugore H/C II', 5, 23, 27, '', '', '', '', '', '0000-00-00 00:00:00', ''),
(423, 0, '0', 'Lukole H/C III', 6, 101, 39, '772923667', '', '', '', '', '0000-00-00 00:00:00', ''),
(424, 0, '0', 'Lumino H/C III', 6, 17, 67, '774110673', '', '', '', '', '0000-00-00 00:00:00', ''),
(425, 0, '0', 'Luwero H/C IV ', 7, 55, 63, '788047051', '', '', '', '', '0000-00-00 00:00:00', ''),
(426, 0, '0', 'Luwunga H/C III', 6, 86, 24, '788692649', '', '', '', '', '0000-00-00 00:00:00', ''),
(427, 0, '0', 'Lwala Hospital ', 9, 32, 34, '755198300', '', '', '', '', '0000-00-00 00:00:00', ''),
(428, 0, '0', 'Lwamaggwa H/C III', 6, 80, 83, '774678765', '', '', '', '', '0000-00-00 00:00:00', ''),
(429, 0, '0', 'Lwangoli H/C III', 6, 62, 70, '774176589', '', '', '', '', '0000-00-00 00:00:00', ''),
(430, 0, '0', 'Lwankoni H/C III', 6, 80, 83, '704399155', '', '', '', '', '0000-00-00 00:00:00', ''),
(431, 0, '0', 'Lwebitakuli H/C III', 6, 82, 93, '702966204', '', '', '', '', '0000-00-00 00:00:00', ''),
(432, 0, '0', 'Lwemiyaga H/C III', 6, 82, 93, '702663871', '', '', '', '', '0000-00-00 00:00:00', ''),
(433, 0, '0', 'Lwengo H/C IV', 7, 92, 115, '772434073', '', '', '', '', '0000-00-00 00:00:00', ''),
(434, 0, '0', 'Lyantonde Hospital ', 9, 56, 64, '782319989', '', '', '', '', '0000-00-00 00:00:00', ''),
(435, 0, '0', 'Mabaale H/C III', 6, 43, 36, '', '', '', '', '', '0000-00-00 00:00:00', ''),
(437, 0, '0', 'Mabona H/C III', 6, 27, 87, '782866505', '', '', '', '', '0000-00-00 00:00:00', ''),
(438, 0, '0', 'Maddu H/C IV', 7, 89, 89, '706805773', '', '', '', '', '0000-00-00 00:00:00', ''),
(439, 0, '0', 'Madi Opei H/C IV ', 7, 53, 65, '774262576', '', '', '', '', '0000-00-00 00:00:00', ''),
(440, 0, '0', 'St Elizabeth H/C IV-Magale', 7, 57, 95, '771452797', '', '', '', '', '0000-00-00 00:00:00', ''),
(441, 0, '0', 'Mahyoro H/C III', 6, 37, 101, '779403403', '', '', '', '', '0000-00-00 00:00:00', ''),
(442, 0, '0', 'Makathi H/C II', 5, 40, 52, '', '', '', '', '', '0000-00-00 00:00:00', ''),
(443, 0, '0', 'Makenke H/C IV (UPDF) ', 7, 63, 71, '782077202', '', '', '', '', '0000-00-00 00:00:00', ''),
(444, 0, '0', 'Makonge H/C III', 6, 11, 48, '785297473', '', '', '', '', '0000-00-00 00:00:00', ''),
(445, 0, '0', 'Makukuulu H/C III', 6, 93, 93, '706411798', '', '', '', '', '0000-00-00 00:00:00', ''),
(446, 0, '0', 'Malaba H/C III', 6, 85, 95, '701421427', '', '', '', '', '0000-00-00 00:00:00', ''),
(447, 0, '0', 'Malera H/C III', 6, 12, 13, '772038867', '', '', '', '', '0000-00-00 00:00:00', ''),
(448, 0, '0', 'Malongo H/C III', 6, 61, 117, '752980622', '', '', '', '', '0000-00-00 00:00:00', ''),
(449, 0, '0', ' Maracha Hospital (St Joseph)', 9, 58, 11, '788364706', '', '', '', '', '0000-00-00 00:00:00', ''),
(450, 0, '0', 'Masafu Hospital', 9, 17, 67, '774610555', '', '', '', '', '0000-00-00 00:00:00', ''),
(451, 0, '0', 'Masaka R R Hospital', 9, 59, 68, '777832111', '', '', '', '', '0000-00-00 00:00:00', ''),
(452, 0, '0', 'Masindi Hospital', 9, 60, 69, '784531512', '', '', '', '', '0000-00-00 00:00:00', ''),
(453, 0, '0', 'Matany Hospital', 9, 105, 103, '783477077', '', '', '', '', '0000-00-00 00:00:00', ''),
(454, 0, '0', 'Mateete H/C III ', 6, 82, 93, '702806337', '', '', '', '', '0000-00-00 00:00:00', ''),
(455, 0, '0', 'Matuma H/C III', 6, 87, 96, '753814741', '', '', '', '', '0000-00-00 00:00:00', ''),
(456, 0, '0', 'Mayuge H/C III (Mayuge)', 6, 61, 29, '755758657', '', '', '', '', '0000-00-00 00:00:00', ''),
(457, 0, '0', 'Maziba H/C IV', 7, 30, 33, '785005857', '', '', '', '', '0000-00-00 00:00:00', ''),
(458, 0, '0', 'Mbaare H/C III', 6, 27, 87, '782878717', '', '', '', '', '0000-00-00 00:00:00', ''),
(459, 0, '0', 'Mbale H/C II', 5, 52, 60, '776823122', '', '', '', '', '0000-00-00 00:00:00', ''),
(460, 0, '0', 'Mbale R R Hospital', 11, 62, 70, '703356181', '', '', '', '', '0000-00-00 00:00:00', ''),
(461, 0, '0', 'Mbarara H/C IV', 7, 63, 71, '782320620', '', '', '', '', '0000-00-00 00:00:00', ''),
(462, 0, '0', 'Mbarara Military Hospital', 9, 63, 71, '', '', '', '', '', '0000-00-00 00:00:00', ''),
(465, 0, '0', 'Mengo Hospital-EMTCT', 9, 35, 41, '784233988', '', '', '', '', '0000-00-00 00:00:00', ''),
(466, 0, '0', 'Midigo H/C IV', 7, 87, 96, '754217120', '', '', '', '', '0000-00-00 00:00:00', ''),
(467, 0, '0', 'Mildmay Hospital Uganda ', 12, 35, 116, '701776096', '', '', '', '', '0000-00-00 00:00:00', ''),
(468, 0, '0', 'Minakulu Bobi H/C II (Gulu)', 5, 23, 27, '777048072', '', '', '', '', '0000-00-00 00:00:00', ''),
(469, 0, '0', 'Mitooma H/C IV', 7, 111, 72, '773393977', '', '', '', '', '0000-00-00 00:00:00', ''),
(470, 0, '0', 'Mityana Hospital', 9, 64, 73, '774220741', '', '', '', '', '0000-00-00 00:00:00', ''),
(471, 0, '0', 'Rubaya H/C III (Mbarara)', 6, 63, 71, '701241770', '', '', '', '', '0000-00-00 00:00:00', ''),
(472, 0, '0', 'Moroto R R Hospital', 11, 65, 74, '759734243', '', '', '', '', '0000-00-00 00:00:00', ''),
(473, 0, '0', 'Morulem H/C III', 6, 1, 5, '781528287', '', '', '', '', '0000-00-00 00:00:00', ''),
(474, 0, '0', 'Moyo Hospital', 9, 66, 75, '0782469752', '', 'SYDNEY AGUAKA', '', '', '0000-00-00 00:00:00', ''),
(475, 0, '0', 'Mpara H/C III', 6, 51, 58, '782663996', '', '', '', '', '0000-00-00 00:00:00', ''),
(476, 0, '0', 'Mparangasi H/C III', 6, 24, 28, '782593337', '', '', '', '', '0000-00-00 00:00:00', ''),
(477, 0, '0', 'Mparo H/C IV', 7, 30, 33, '782769421', '', '', '', '', '0000-00-00 00:00:00', ''),
(478, 0, '0', 'Mpigi H/C IV ', 7, 67, 26, '782350920', '', '', '', '', '0000-00-00 00:00:00', ''),
(479, 0, '0', 'Mpumudde H/C IV (Jinja)', 7, 28, 31, '752815738', '', '', '', '', '0000-00-00 00:00:00', ''),
(480, 0, '0', 'Mubende R R Hospital ', 11, 68, 76, '754676881', '', '', '', '', '0000-00-00 00:00:00', ''),
(481, 0, '0', 'Mubende Rehabilitation Centre ', 12, 68, 76, '775405287', '', '', '', '', '0000-00-00 00:00:00', ''),
(482, 0, '0', 'Mucwini H/C III', 6, 47, 56, '713315241', '', '', '', '', '0000-00-00 00:00:00', ''),
(483, 0, '0', 'Muduuma H/C III', 6, 67, 26, '706031304', '', '', '', '', '0000-00-00 00:00:00', ''),
(484, 0, '0', 'Mugusu H/C III', 6, 31, 25, '783482234', '', '', '', '', '0000-00-00 00:00:00', ''),
(485, 0, '0', 'Muhokya H/C III', 6, 40, 52, '774552460', '', '', '', '', '0000-00-00 00:00:00', ''),
(486, 0, '0', 'Muhwiju H/C III', 6, 24, 28, '782569339', '', '', '', '', '0000-00-00 00:00:00', ''),
(487, 0, '0', 'Mukathi H/C III', 6, 40, 52, '772823662', '', '', '', '', '0000-00-00 00:00:00', ''),
(488, 0, '0', 'Muko H/C IV ', 7, 30, 33, '775662135', '', '', '', '', '0000-00-00 00:00:00', ''),
(489, 0, '0', 'Mukono Municipal H/C IV', 7, 69, 49, '779256124', '', '', '', '', '0000-00-00 00:00:00', ''),
(490, 0, '0', 'Mukuju H/C IV', 7, 85, 95, '0702/0772456893', '', '', '', '', '0000-00-00 00:00:00', ''),
(492, 0, '0', 'Mukura H/C III', 6, 99, 105, '704062016', '', '', '', '', '0000-00-00 00:00:00', ''),
(494, 0, '0', 'Mulanda H/C IV', 7, 85, 95, '782433120', '', '', '', '', '0000-00-00 00:00:00', ''),
(495, 0, '0', 'Murchison Bay Hospital ', 9, 35, 41, '703529428', '', '', '', '', '0000-00-00 00:00:00', ''),
(496, 0, '0', 'Musyenene H/C III', 6, 40, 37, '781409464', '', '', '', '', '0000-00-00 00:00:00', ''),
(497, 0, '0', 'St Francis Hospital (Mutolere)', 9, 46, 54, '702837989', '', '', '', '', '0000-00-00 00:00:00', ''),
(498, 0, '0', 'Muyembe  H/C IV', 7, 94, 44, '782857543', '', '', '', '', '0000-00-00 00:00:00', ''),
(499, 0, '0', 'Mwera H/C IV', 7, 64, 73, '704536996', '', '', '', '', '0000-00-00 00:00:00', ''),
(500, 0, '0', 'Naam Okora H/C III', 6, 47, 56, '', '', '', '', '', '0000-00-00 00:00:00', ''),
(501, 0, '0', 'Nabiganda H/C III', 6, 18, 20, '775797046', '', '', '', '', '0000-00-00 00:00:00', ''),
(502, 0, '0', 'Nabigasa H/C III', 6, 80, 83, '753196368', '', '', '', '', '0000-00-00 00:00:00', ''),
(503, 0, '0', 'Nabilatuk H/C IV', 7, 70, 94, '782486566', '', '', '', '', '0000-00-00 00:00:00', ''),
(504, 0, '0', 'Naggalama Hospital ', 9, 69, 49, '782465300', '', '', '', '', '0000-00-00 00:00:00', ''),
(505, 0, '0', 'Naguru Police H/C IV', 7, 35, 41, '774154776,774887838', '', '', '', '', '0000-00-00 00:00:00', ''),
(506, 0, '0', 'Nakapiripirit Field Hospital', 9, 70, 94, '', '', '', '', '', '0000-00-00 00:00:00', ''),
(507, 0, '0', 'Nakapiripirit H/C III', 6, 70, 94, '773713733', '', '', '', '', '0000-00-00 00:00:00', ''),
(508, 0, '0', 'Nakaseke  Hospital ', 9, 71, 79, '782163363', '', '', '', '', '0000-00-00 00:00:00', ''),
(509, 0, '0', 'Nakasongola Military Hospital ', 9, 72, 77, '706865209', '', '', '', '', '0000-00-00 00:00:00', ''),
(510, 0, '0', 'Dr Charlse Farthing Memorial Clinic', 1, 35, 41, '200903497', '', '', '', '', '0000-00-00 00:00:00', ''),
(511, 0, '0', 'Nakivale H/C III', 6, 27, 87, '774234863', '', '', '', '', '0000-00-00 00:00:00', ''),
(512, 0, '0', 'Namakwekwe H/C III', 6, 62, 70, '779002615', '', '', '', '', '0000-00-00 00:00:00', ''),
(513, 0, '0', 'Namalu H/C III', 6, 70, 94, '782925904', '', '', '', '', '0000-00-00 00:00:00', ''),
(514, 0, '0', 'Namanyonyi H/C III', 6, 62, 70, '779968470', '', '', '', '', '0000-00-00 00:00:00', ''),
(515, 0, '0', 'Namasale H/C III', 6, 3, 7, '773742299', '', '', '', '', '0000-00-00 00:00:00', ''),
(516, 0, '0', 'Namawanga H/C III', 6, 62, 70, '787273406', '', '', '', '', '0000-00-00 00:00:00', ''),
(517, 0, '0', 'Namayumba H/C IV', 7, 86, 116, '775379510', '', '', '', '', '0000-00-00 00:00:00', ''),
(518, 0, '0', 'Nambale H/C III', 6, 26, 29, '773131980', '', '', '', '', '0000-00-00 00:00:00', ''),
(519, 0, '0', 'Nambieso H/C III', 6, 6, 4, '777568308', '', '', '', '', '0000-00-00 00:00:00', ''),
(520, 0, '0', 'Namokora H/C IV', 7, 47, 56, '781099201', '', '', '', '', '0000-00-00 00:00:00', '');
INSERT INTO `facility` (`id`, `parentid`, `code`, `name`, `facilitylevelid`, `districtid`, `hubid`, `phone`, `email`, `contactperson`, `physicaladdress`, `returnaddress`, `created`, `createdby`) VALUES
(521, 0, '0', 'Namugongo H/C III (kaliro)', 6, 34, 42, '782895562', '', '', '', '', '0000-00-00 00:00:00', ''),
(522, 0, '0', 'Namungalwe H/C III', 6, 26, 29, '774021328', '', '', '', '', '0000-00-00 00:00:00', ''),
(523, 0, '0', 'Holy Cross Orthodox (Namungoona) Hospital ', 9, 35, 41, '774450424', '', '', '', '', '0000-00-00 00:00:00', ''),
(524, 0, '0', 'Namutumba H/C  III (Namutumba)', 6, 73, 17, '700728077', '', '', '', '', '0000-00-00 00:00:00', ''),
(525, 0, '0', 'Namwendwa H/C IV', 7, 36, 42, '781430612', '', '', '', '', '0000-00-00 00:00:00', ''),
(526, 0, '0', 'Nankandulo H/C IV', 7, 36, 42, '773772209', '', '', '', '', '0000-00-00 00:00:00', ''),
(527, 0, '0', 'Nankoma H/C IV', 7, 10, 15, '782767193', '', '', '', '', '0000-00-00 00:00:00', ''),
(529, 0, '0', 'Nawaikoke H/C III', 6, 34, 17, '774679588', '', '', '', '', '0000-00-00 00:00:00', ''),
(530, 0, '0', 'Ndejje H/C III', 6, 86, 24, '752613587', '', '', '', '', '0000-00-00 00:00:00', ''),
(531, 0, '0', 'Nebbi Hospital ', 9, 74, 78, '772672761', '', '', '', '', '0000-00-00 00:00:00', ''),
(532, 0, '0', 'Ngai H/C III', 6, 77, 4, '774378411', '', '', '', '', '0000-00-00 00:00:00', ''),
(533, 0, '0', 'Ngando H/C III', 6, 88, 26, '774916493', '', '', '', '', '0000-00-00 00:00:00', ''),
(534, 0, '0', 'Ngarama H/C III', 6, 27, 87, '703188986', '', '', '', '', '0000-00-00 00:00:00', ''),
(535, 0, '0', 'Ngetta H/C III', 6, 54, 61, '771406225', '', '', '', '', '0000-00-00 00:00:00', ''),
(536, 0, '0', 'Ngoma H/C III (Ntungamo)', 6, 75, 30, '771606513', '', '', '', '', '0000-00-00 00:00:00', ''),
(537, 0, '0', 'Ngora Freda car Hospital (NGO)', 9, 99, 105, '777751164', '', '', '', '', '0000-00-00 00:00:00', ''),
(538, 0, '0', 'Ngurwe H/C II', 5, 24, 28, '', '', '', '', '', '0000-00-00 00:00:00', ''),
(539, 0, '0', 'Nkokonjeru Hospital (Buikwe)', 9, 11, 48, '702291173', '', '', '', '', '0000-00-00 00:00:00', ''),
(540, 0, '0', 'Nkozi Hospital ', 9, 67, 26, '781486244', '', '', '', '', '0000-00-00 00:00:00', ''),
(541, 0, '0', 'Nkuruba H/C  III', 6, 31, 25, '777640973', '', '', '', '', '0000-00-00 00:00:00', ''),
(542, 0, '0', 'Nsambya Hospital ', 9, 35, 41, '772438740', '', '', '', '', '0000-00-00 00:00:00', ''),
(543, 0, '0', 'Nshungyezi H/C III', 6, 27, 87, '773260477', '', '', '', '', '0000-00-00 00:00:00', ''),
(544, 0, '0', 'Nsiika H/C IV', 7, 109, 80, '783388777', '', '', '', '', '0000-00-00 00:00:00', ''),
(545, 0, '0', 'Nsinze H/C IV ', 7, 73, 17, '774023943', '', '', '', '', '0000-00-00 00:00:00', ''),
(547, 0, '0', 'Ntara H/C IV', 7, 37, 101, '787654289', '', '', '', '', '0000-00-00 00:00:00', ''),
(549, 0, '0', 'Ntungamo H/C III', 6, 75, 30, '772626966', '', '', '', '', '0000-00-00 00:00:00', ''),
(550, 0, '0', 'Ntuusi H/C IV', 7, 82, 93, '702328641', '', '', '', '', '0000-00-00 00:00:00', ''),
(551, 0, '0', 'Ntwetwe H/C IV ', 7, 91, 106, '772434967', '', '', '', '', '0000-00-00 00:00:00', ''),
(553, 0, '0', 'Nyabbani H/C III', 6, 37, 101, '78365254', '', '', '', '', '0000-00-00 00:00:00', ''),
(554, 0, '0', 'Nyabirongo H/C III', 6, 40, 37, '781552142', '', '', '', '', '0000-00-00 00:00:00', ''),
(555, 0, '0', 'Nyabugando H/C III', 6, 40, 37, '755995988', '', '', '', '', '0000-00-00 00:00:00', ''),
(556, 0, '0', 'Nyahuka H/C IV', 7, 15, 18, '777579391', '', '', '', '', '0000-00-00 00:00:00', ''),
(557, 0, '0', 'Nyakarongo  H/C   II', 5, 52, 60, '779775070', '', '', '', '', '0000-00-00 00:00:00', ''),
(558, 0, '0', 'Nyakibale Hospital', 9, 81, 81, '782061394', '', '', '', '', '0000-00-00 00:00:00', ''),
(559, 0, '0', 'Nyakitunda H/C III', 6, 27, 87, '753059587', '', '', '', '', '0000-00-00 00:00:00', ''),
(560, 0, '0', 'Nyakwae H/C III', 6, 1, 5, '392612587', '', '', '', '', '0000-00-00 00:00:00', ''),
(561, 0, '0', 'Nyakyera H/C III', 6, 75, 30, '779338969', '', '', '', '', '0000-00-00 00:00:00', ''),
(562, 0, '0', 'Nyamabuga H/C III', 6, 52, 60, '783887158', '', '', '', '', '0000-00-00 00:00:00', ''),
(563, 0, '0', 'Nyamarebe H/C III', 6, 25, 85, '706289046', '', '', '', '', '0000-00-00 00:00:00', ''),
(564, 0, '0', 'Nyamitanga H/C III', 6, 63, 71, '751644743', '', '', '', '', '0000-00-00 00:00:00', ''),
(565, 0, '0', 'Nyamuyanja H/C IV', 7, 27, 87, '753622521', '', '', '', '', '0000-00-00 00:00:00', ''),
(566, 0, '0', 'Nyankwanzi H/C III', 6, 52, 60, '771447484', '', '', '', '', '0000-00-00 00:00:00', ''),
(567, 0, '0', '', 1, 0, 1, '750718633', '', '', '', '', '0000-00-00 00:00:00', ''),
(568, 0, '0', 'Nyarubungo H/C III', 6, 27, 87, '774030609', '', '', '', '', '0000-00-00 00:00:00', ''),
(569, 0, '0', 'Nyenga Hospital', 9, 11, 48, '752832172', '', '', '', '', '0000-00-00 00:00:00', ''),
(570, 0, '0', 'Nyero H/C III', 6, 50, 13, '782225048', '', '', '', '', '0000-00-00 00:00:00', ''),
(571, 0, '0', 'Nyimbwa H/C IV', 7, 55, 63, '702145435', '', '', '', '', '0000-00-00 00:00:00', ''),
(572, 0, '0', 'Ochero H/C III', 6, 32, 34, '782146065', '', '', '', '', '0000-00-00 00:00:00', ''),
(573, 0, '0', 'Odek H/C III', 6, 23, 27, '777053335', '', '', '', '', '0000-00-00 00:00:00', ''),
(574, 0, '0', 'Ogili H/C III', 6, 47, 56, ' ', '', '', '', '', '0000-00-00 00:00:00', ''),
(575, 0, '0', 'Ogur H/C IV', 7, 54, 61, '776720330', '', '', '', '', '0000-00-00 00:00:00', ''),
(576, 0, '0', 'Okole H/C III', 6, 104, 61, '774690495', '', '', '', '', '0000-00-00 00:00:00', ''),
(577, 0, '0', 'Okwongo H/C III', 6, 107, 61, '782556798', '', '', '', '', '0000-00-00 00:00:00', ''),
(578, 0, '0', 'Oli H/C IV', 7, 7, 11, '772382131', '', '', '', '', '0000-00-00 00:00:00', ''),
(579, 0, '0', 'Olilim H/C III', 6, 107, 61, '782578681', '', '', '', '', '0000-00-00 00:00:00', ''),
(581, 0, '0', 'Omiya Anyima H/C III', 6, 47, 56, '757111305', '', '', '', '', '0000-00-00 00:00:00', ''),
(582, 0, '0', 'Omoro H/C III', 6, 102, 108, '', '', '', '', '', '0000-00-00 00:00:00', ''),
(583, 0, '0', 'Omugo H/C IV', 7, 7, 11, '790156980', '', '', '', '', '0000-00-00 00:00:00', ''),
(584, 0, '0', 'Ongako H/C III', 6, 23, 27, '772939754', '', '', '', '', '0000-00-00 00:00:00', ''),
(585, 0, '0', 'Ongica H/C III', 6, 54, 61, '774752244', '', '', '', '', '0000-00-00 00:00:00', ''),
(586, 0, '0', 'Ongino H/C III', 6, 50, 13, '753760027', '', '', '', '', '0000-00-00 00:00:00', ''),
(587, 0, '0', 'Opit H/C III', 6, 23, 4, '784447105', '', '', '', '', '0000-00-00 00:00:00', ''),
(588, 0, '0', 'Orapwoyo H/C II', 5, 23, 27, '', '', '', '', '', '0000-00-00 00:00:00', ''),
(589, 0, '0', 'Oriajin Hospital', 9, 7, 11, '718218901', '', '', '', '', '0000-00-00 00:00:00', ''),
(590, 0, '0', 'Oroko H/C II', 5, 23, 27, '774593194', '', '', '', '', '0000-00-00 00:00:00', ''),
(591, 0, '0', 'Orom H/C III', 6, 47, 56, '754315651', '', '', '', '', '0000-00-00 00:00:00', ''),
(592, 0, '0', 'Orum H/C IV', 7, 107, 61, '777053544', '', '', '', '', '0000-00-00 00:00:00', ''),
(593, 0, '0', 'Orwamuge H/C III', 6, 1, 5, '774469277', '', '', '', '', '0000-00-00 00:00:00', ''),
(594, 0, '0', 'Otong H/C II', 5, 5, 12, '', '', '', '', '', '0000-00-00 00:00:00', ''),
(595, 0, '0', 'Otwal H/C III', 6, 77, 4, '774604019', '', '', '', '', '0000-00-00 00:00:00', ''),
(596, 0, '0', 'Owek Lakim H/C III', 6, 5, 12, '', '', '', '', '', '0000-00-00 00:00:00', ''),
(597, 0, '0', 'Owiny H/C II', 5, 6, 4, '', '', '', '', '', '0000-00-00 00:00:00', ''),
(598, 0, '0', 'Pabbo H/C III (Amuru Govt)', 6, 5, 12, '772033221', '', '', '', '', '0000-00-00 00:00:00', ''),
(599, 0, '0', 'Pabwo H/C III (Gulu)', 6, 23, 27, '777645760', '', '', '', '', '0000-00-00 00:00:00', ''),
(600, 0, '0', 'Pader H/C III', 6, 78, 107, '783882250', '', '', '', '', '0000-00-00 00:00:00', ''),
(601, 0, '0', 'Padibe H/C IV', 7, 53, 65, '781399224', '', '', '', '', '0000-00-00 00:00:00', ''),
(602, 0, '0', 'Padre Pio H/C III', 6, 37, 101, '777360407', '', '', '', '', '0000-00-00 00:00:00', ''),
(603, 0, '0', 'PAG H/C IV', 7, 54, 61, '777073408', '', '', '', '', '0000-00-00 00:00:00', ''),
(604, 0, '0', 'Paibona H/C II', 5, 23, 27, '772355467', '', '', '', '', '0000-00-00 00:00:00', ''),
(605, 0, '0', 'Paicho H/C II', 5, 23, 27, '', '', '', '', '', '0000-00-00 00:00:00', ''),
(606, 0, '0', 'Paimol H/C III', 6, 101, 39, '756197662', '', '', '', '', '0000-00-00 00:00:00', ''),
(607, 0, '0', 'Pajimo Military H/C III', 6, 47, 56, '783774436', '', '', '', '', '0000-00-00 00:00:00', ''),
(608, 0, '0', 'Pajule H/C  IV ', 7, 78, 107, '753075677', '', '', '', '', '0000-00-00 00:00:00', ''),
(609, 0, '0', 'Palabek  Gem H/C III', 6, 53, 65, '774640138', '', '', '', '', '0000-00-00 00:00:00', ''),
(610, 0, '0', 'Palabek Ogili H/C III', 6, 53, 65, '775989446', '', '', '', '', '0000-00-00 00:00:00', ''),
(611, 0, '0', 'Palabek-Kal H/C III', 6, 53, 65, '774612100', '', '', '', '', '0000-00-00 00:00:00', ''),
(612, 0, '0', 'Palenga H/C II', 5, 23, 27, '772184331', '', '', '', '', '0000-00-00 00:00:00', ''),
(613, 0, '0', 'Pallisa H/C III', 6, 79, 82, '782518096', '', '', '', '', '0000-00-00 00:00:00', ''),
(614, 0, '0', 'Pallisa General Hospital ', 9, 79, 82, '782642627', '', '', '', '', '0000-00-00 00:00:00', ''),
(615, 0, '0', 'Paloga H/C III', 6, 53, 65, '782449096', '', '', '', '', '0000-00-00 00:00:00', ''),
(616, 0, '0', 'Paraa H/C II', 5, 14, 16, '', '', '', '', '', '0000-00-00 00:00:00', ''),
(617, 0, '0', 'Patiko H/C III', 6, 23, 27, '712390584', '', '', '', '', '0000-00-00 00:00:00', ''),
(618, 0, '0', 'Patongo H/C III', 6, 101, 39, '772923667', '', '', '', '', '0000-00-00 00:00:00', ''),
(619, 0, '0', 'Pawel H/C II', 5, 5, 12, '715557557', '', '', '', '', '0000-00-00 00:00:00', ''),
(620, 0, '0', 'PIDC (Baylor-Mulago)', 12, 35, 41, '782012948', '', '', '', '', '0000-00-00 00:00:00', ''),
(621, 0, '0', 'Pingire H/C III', 6, 100, 90, '', '', '', '', '', '0000-00-00 00:00:00', ''),
(622, 0, '0', 'Pogo H/C II', 5, 5, 12, '718756866', '', '', '', '', '0000-00-00 00:00:00', ''),
(623, 0, '0', 'Porogali H/C II', 5, 78, 39, '', '', '', '', '', '0000-00-00 00:00:00', ''),
(624, 0, '0', 'Pugwinyi H/C II', 5, 23, 27, '777364439', '', '', '', '', '0000-00-00 00:00:00', ''),
(625, 0, '0', 'Punena H/C III', 6, 23, 27, '782573933', '', '', '', '', '0000-00-00 00:00:00', ''),
(626, 0, '0', 'Purongo H/C III', 6, 106, 10, '77578230', '', '', '', '', '0000-00-00 00:00:00', ''),
(628, 0, '0', 'Rakai Health Sciences Program', 12, 80, 83, '782685412', '', '', '', '', '0000-00-00 00:00:00', ''),
(629, 0, '0', 'Rakai Hospital', 9, 80, 83, '782532085', '', '', '', '', '0000-00-00 00:00:00', ''),
(630, 0, '0', 'Rapha Medical Centre', 12, 89, 89, '774947921', '', '', '', '', '0000-00-00 00:00:00', ''),
(631, 0, '0', 'Rhino Camp H/C IV', 7, 7, 11, '773072013', '', '', '', '', '0000-00-00 00:00:00', ''),
(632, 0, '0', 'Rubaare H/C IV', 7, 75, 30, '705221137', '', '', '', '', '0000-00-00 00:00:00', ''),
(633, 0, '0', 'Lubaga Hospital', 9, 35, 41, '782955139', '', '', '', '', '0000-00-00 00:00:00', ''),
(634, 0, '0', 'Rubaya H/C IV (Kabale)', 7, 30, 33, '778826036', '', '', '', '', '0000-00-00 00:00:00', ''),
(635, 0, '0', 'Rubongi Military Hospital', 9, 85, 95, '772440195', '', '', '', '', '0000-00-00 00:00:00', ''),
(636, 0, '0', 'Rubuguri H/C IV', 7, 46, 54, '778280024', '', '', '', '', '0000-00-00 00:00:00', ''),
(637, 0, '0', 'Rugaaga H/C IV', 7, 27, 87, '705012059', '', '', '', '', '0000-00-00 00:00:00', ''),
(638, 0, '0', 'Rugarama Hospital', 9, 30, 33, '', '', '', '', '', '0000-00-00 00:00:00', ''),
(639, 0, '0', 'Rugazi H/C IV', 7, 113, 84, '788772011', '', '', '', '', '0000-00-00 00:00:00', ''),
(640, 0, '0', 'Ruhaama H/C III', 6, 75, 30, '785369350', '', '', '', '', '0000-00-00 00:00:00', ''),
(641, 0, '0', 'Ruhiira H/C III', 6, 27, 87, '776384538', '', '', '', '', '0000-00-00 00:00:00', ''),
(642, 0, '0', 'Ruhija H/C III', 6, 30, 33, '773450360', '', '', '', '', '0000-00-00 00:00:00', ''),
(643, 0, '0', 'Ruhinda H/C III', 6, 81, 81, '773947209', '', '', '', '', '0000-00-00 00:00:00', ''),
(644, 0, '0', 'Ruhoko H/C IV', 7, 25, 85, '782842624', '', '', '', '', '0000-00-00 00:00:00', ''),
(645, 0, '0', 'Rukiri H/C III', 6, 25, 85, '783013988', '', '', '', '', '0000-00-00 00:00:00', ''),
(646, 0, '0', 'Rukoni H/C III', 6, 75, 30, '', '', '', '', '', '0000-00-00 00:00:00', ''),
(647, 0, '0', 'Rukooki H/C III', 6, 40, 52, '783441142', '', '', '', '', '0000-00-00 00:00:00', ''),
(648, 0, '0', 'Rukungiri H/C IV', 7, 81, 81, '775979607', '', '', '', '', '0000-00-00 00:00:00', ''),
(649, 0, '0', 'Rukunyu H/C IV', 7, 37, 101, '775605861', '', '', '', '', '0000-00-00 00:00:00', ''),
(650, 0, '0', 'Rushere Community Hospital', 9, 45, 86, '704876202', '', '', '', '', '0000-00-00 00:00:00', ''),
(651, 0, '0', 'Rushooka H/C II', 5, 75, 30, '702257762', '', '', '', '', '0000-00-00 00:00:00', ''),
(652, 0, '0', 'Ruteete H/C III', 7, 31, 25, '772912839', '', '', '', '', '0000-00-00 00:00:00', ''),
(653, 0, '0', 'Rwaitengya H/C II', 5, 52, 60, '777741707', '', '', '', '', '0000-00-00 00:00:00', ''),
(654, 0, '0', 'Rwakabengo H/C III', 6, 81, 81, '703451064', '', '', '', '', '0000-00-00 00:00:00', ''),
(655, 0, '0', 'Rwamwanja H/C III', 6, 37, 101, '777244786', '', '', '', '', '0000-00-00 00:00:00', ''),
(656, 0, '0', 'Rwashamaire H/C IV', 7, 75, 30, '772654754', '', '', '', '', '0000-00-00 00:00:00', ''),
(657, 0, '0', 'Rwebisengo H/C III', 6, 112, 18, '779780301', '', '', '', '', '0000-00-00 00:00:00', ''),
(658, 0, '0', 'Rweikiniro H/C III', 6, 75, 30, '781711510', '', '', '', '', '0000-00-00 00:00:00', ''),
(659, 0, '0', 'Rwekubo H/C IV', 7, 27, 87, '782526859', '', '', '', '', '0000-00-00 00:00:00', ''),
(660, 0, '0', 'Rwemikoma H/C III', 6, 45, 86, '775578669', '', '', '', '', '0000-00-00 00:00:00', ''),
(661, 0, '0', 'Rwenkobwa H/C III', 6, 25, 85, '754294972', '', '', '', '', '0000-00-00 00:00:00', ''),
(662, 0, '0', 'Rwenyawawa H/C III', 6, 24, 28, '777316225', '', '', '', '', '0000-00-00 00:00:00', ''),
(663, 0, '0', 'Rwesande H/C IV ', 7, 40, 52, '7048396118', '', '', '', '', '0000-00-00 00:00:00', ''),
(665, 0, '0', 'Rwibale H/C II', 5, 52, 60, '753503776', '', '', '', '', '0000-00-00 00:00:00', ''),
(666, 0, '0', 'Rwimi H/C III', 6, 31, 25, '772329079', '', '', '', '', '0000-00-00 00:00:00', ''),
(667, 0, '0', 'Saidinah Abubaker Hospital', 9, 86, 89, '701163363', '', '', '', '', '0000-00-00 00:00:00', ''),
(668, 0, '0', 'Seeta Nazigo H/C III', 6, 69, 49, '782796891', '', '', '', '', '0000-00-00 00:00:00', ''),
(669, 0, '0', 'Ssembabule H/C IV', 7, 82, 93, '782310690', '', '', '', '', '0000-00-00 00:00:00', ''),
(670, 0, '0', 'Serere H/C IV', 7, 100, 90, '702194595', '', '', '', '', '0000-00-00 00:00:00', ''),
(671, 0, '0', 'Shuku H/C IV', 7, 114, 55, '782404266', '', '', '', '', '0000-00-00 00:00:00', ''),
(672, 0, '0', 'Siipi H/C III', 6, 39, 44, '784895000', '', '', '', '', '0000-00-00 00:00:00', ''),
(673, 0, '0', 'Sironko H/C III', 6, 83, 114, '775009313', '', '', '', '', '0000-00-00 00:00:00', ''),
(674, 0, '0', 'Soroti R R Hospital', 11, 84, 92, '772686962', '', '', '', '', '0000-00-00 00:00:00', ''),
(675, 0, '0', 'SOS CU H/C II GULU', 5, 23, 27, '', '', '', '', '', '0000-00-00 00:00:00', ''),
(676, 0, '0', 'St Adolf H/C III (Butiiti)', 6, 52, 60, '783867300', '', '', '', '', '0000-00-00 00:00:00', ''),
(677, 0, '0', 'St Balikuddembe Market/Uganda Cares  AHF', 12, 35, 41, '774223400', '', '', '', '', '0000-00-00 00:00:00', ''),
(678, 0, '0', 'St Clare Orungo H/C III', 6, 4, 8, '782715724', '', '', '', '', '0000-00-00 00:00:00', ''),
(679, 0, '0', 'St Joseph Hospital  Kitgum ', 9, 47, 56, '777920300', '', '', '', '', '0000-00-00 00:00:00', ''),
(681, 0, '0', 'St Pauls H/C IV', 7, 40, 52, '775196986', '', '', '', '', '0000-00-00 00:00:00', ''),
(682, 0, '0', 'St Peter and Paul H/C III', 6, 53, 65, '789012339', '', '', '', '', '0000-00-00 00:00:00', ''),
(683, 0, '0', 'St Pius Kidepo Rupa H/C III', 6, 65, 74, '77290377', '', '', '', '', '0000-00-00 00:00:00', ''),
(684, 0, '0', 'St Stephens Disp & Maternity Center (Luzira)', 12, 35, 41, '701245886', '', '', '', '', '0000-00-00 00:00:00', ''),
(685, 0, '0', 'TASO Gulu ', 12, 23, 27, '783210962', '', '', '', '', '0000-00-00 00:00:00', ''),
(686, 0, '0', 'TASO Jinja', 12, 28, 31, '704530620', '', '', '', '', '0000-00-00 00:00:00', ''),
(687, 0, '0', 'TASO Masaka', 12, 59, 68, '772933800', '', '', '', '', '0000-00-00 00:00:00', ''),
(688, 0, '0', 'TASO Masindi ', 12, 60, 69, '774713910', '', '', '', '', '0000-00-00 00:00:00', ''),
(689, 0, '0', 'TASO Mbale', 12, 62, 70, '704312235', '', '', '', '', '0000-00-00 00:00:00', ''),
(690, 0, '0', 'TASO Mbarara', 12, 63, 71, '782361466', '', '', '', '', '0000-00-00 00:00:00', ''),
(691, 0, '0', 'TASO Mulago ', 12, 35, 41, '782602176', '', '', '', '', '0000-00-00 00:00:00', ''),
(692, 0, '0', 'TASO Rukungiri', 12, 81, 81, '772893531', '', '', '', '', '0000-00-00 00:00:00', ''),
(693, 0, '0', 'TASO Soroti', 12, 84, 92, '706918133', '', '', '', '', '0000-00-00 00:00:00', ''),
(694, 0, '0', 'TASO Tororo', 12, 85, 95, '702965377', '', '', '', '', '0000-00-00 00:00:00', ''),
(695, 0, '0', 'Teboke H/C III', 6, 6, 4, '', '', '', '', '', '0000-00-00 00:00:00', ''),
(696, 0, '0', 'Tokora H/C IV', 7, 70, 94, '774073626', '', '', '', '', '0000-00-00 00:00:00', ''),
(697, 0, '0', 'Toro  Kahuna H/C III', 6, 31, 25, '779500352', '', '', '', '', '0000-00-00 00:00:00', ''),
(698, 0, '0', 'Tororo District Hospital ', 9, 85, 95, '774560551', '', '', '', '', '0000-00-00 00:00:00', ''),
(699, 0, '0', 'Tubur H/C III', 6, 84, 92, '782732576', '', '', '', '', '0000-00-00 00:00:00', ''),
(700, 0, '0', 'Umor H/C III', 6, 23, 27, '', '', '', '', '', '0000-00-00 00:00:00', ''),
(701, 0, '0', 'Unyama H/C II', 5, 23, 27, '772437255', '', '', '', '', '0000-00-00 00:00:00', ''),
(702, 0, '0', 'Villa Maria Hospital', 9, 90, 100, '783978800', '', '', '', '', '0000-00-00 00:00:00', ''),
(703, 0, '0', 'Virika Hospital', 9, 31, 25, '783766916', '', '', '', '', '0000-00-00 00:00:00', ''),
(704, 0, '0', 'Wabulungu H/C III', 6, 61, 117, '787586608', '', '', '', '', '0000-00-00 00:00:00', ''),
(705, 0, '0', 'Wakiso H/C IV', 7, 86, 116, '774549827', '', '', '', '', '0000-00-00 00:00:00', ''),
(706, 0, '0', 'Walukuba H/C IV ', 7, 28, 31, '782815424', '', '', '', '', '0000-00-00 00:00:00', ''),
(707, 0, '0', 'Western Division H/C III', 6, 84, 92, '773712033', '', '', '', '', '0000-00-00 00:00:00', ''),
(708, 0, '0', 'Wino H/C II', 5, 23, 27, '', '', '', '', '', '0000-00-00 00:00:00', ''),
(709, 0, '0', 'Wol H/C III', 6, 101, 39, '777223186', '', '', '', '', '0000-00-00 00:00:00', ''),
(711, 0, '0', 'Yerya H/C III', 6, 31, 25, '777742888', '', '', '', '', '0000-00-00 00:00:00', ''),
(712, 0, '0', 'Yumbe Hospital', 9, 87, 96, '752101452', '', '', '', '', '0000-00-00 00:00:00', ''),
(713, 0, '0', 'Kitaasa H/C III', 6, 93, 93, '772366861', '', '', '', '', '0000-00-00 00:00:00', ''),
(714, 0, '0', 'Luyitaayita H/C III (NGO)', 6, 93, 93, '772820376', '', '', '', '', '0000-00-00 00:00:00', ''),
(715, 0, '0', 'Bigasa H/C III', 6, 93, 93, '7828503605', '', '', '', '', '0000-00-00 00:00:00', ''),
(716, 0, '0', 'Kabigi H/C III', 6, 93, 93, '753703374', '', '', '', '', '0000-00-00 00:00:00', ''),
(717, 0, '0', 'Nampunge Church of God H/C III', 6, 86, 116, '774532736', '', '', '', '', '0000-00-00 00:00:00', ''),
(720, 0, '0', 'Kyeizooba H/C III', 6, 16, 19, '779664167', '', '', '', '', '0000-00-00 00:00:00', ''),
(721, 0, '0', 'St Marys MNH Bukomansimbi', 12, 93, 93, '773068022', '', '', '', '', '0000-00-00 00:00:00', ''),
(722, 0, '0', 'Mpunge H/C III (Mukono)', 6, 69, 49, '782683345', '', '', '', '', '0000-00-00 00:00:00', ''),
(723, 0, '0', 'Koome H/C III', 6, 69, 49, '772039195', '', '', '', '', '0000-00-00 00:00:00', ''),
(724, 0, '0', 'Kitabaazi H/C II', 5, 59, 68, '77243334', '', '', '', '', '0000-00-00 00:00:00', ''),
(725, 0, '0', 'Akilok H/C II', 5, 47, 56, '753522022', '', '', '', '', '0000-00-00 00:00:00', ''),
(726, 0, '0', 'Naama H/C III', 6, 64, 73, '702182998', '', '', '', '', '0000-00-00 00:00:00', ''),
(727, 0, '0', 'St Luke KMD (Kiyinda )H/C III (Mityana)', 6, 64, 73, '779112037', '', '', '', '', '0000-00-00 00:00:00', ''),
(728, 0, '0', 'Rengen H/C III', 6, 49, 57, '773714808', '', '', '', '', '0000-00-00 00:00:00', ''),
(729, 0, '0', 'Nagojje H/C III', 6, 69, 49, '773414353', '', '', '', '', '0000-00-00 00:00:00', ''),
(730, 0, '0', 'Nabweru H/C III', 6, 86, 24, '782560764', '', '', '', '', '0000-00-00 00:00:00', ''),
(731, 0, '0', 'Epi Centre H/C III (Wakiso)', 6, 86, 24, '', '', '', '', '', '0000-00-00 00:00:00', ''),
(732, 0, '0', 'Nabutiti H/C III', 6, 86, 116, '', '', '', '', '', '0000-00-00 00:00:00', ''),
(733, 0, '0', 'Nakawuka H/C III', 6, 86, 24, '772407852', '', '', '', '', '0000-00-00 00:00:00', ''),
(734, 0, '0', 'Kasanje H/C III', 6, 86, 24, '', '', '', '', '', '0000-00-00 00:00:00', ''),
(735, 0, '0', 'Nsangi H/C III', 6, 86, 24, '783195419', '', '', '', '', '0000-00-00 00:00:00', ''),
(736, 0, '0', 'Namulonge H/C III', 6, 86, 116, '772552703', '', '', '', '', '0000-00-00 00:00:00', ''),
(738, 0, '0', 'Kawanda H/C III', 6, 86, 116, '712934537', '', '', '', '', '0000-00-00 00:00:00', ''),
(739, 0, '0', 'Koboko Mission H/C III', 6, 48, 11, '774246529', '', '', '', '', '0000-00-00 00:00:00', ''),
(740, 0, '0', '', 1, 0, 1, '', '', '', '', '', '0000-00-00 00:00:00', ''),
(741, 0, '0', 'Ludara H/C III', 6, 48, 11, '783757722', '', '', '', '', '0000-00-00 00:00:00', ''),
(742, 0, '0', 'St Gabriel Mirembe Maria H/C III', 6, 68, 76, '781013509', '', '', '', '', '0000-00-00 00:00:00', ''),
(743, 0, '0', 'Buwama H/C III', 6, 67, 26, '702121442', '', '', '', '', '0000-00-00 00:00:00', ''),
(744, 0, '0', 'Kabushaho H/C III', 6, 16, 19, '773562236', '', '', '', '', '0000-00-00 00:00:00', ''),
(745, 0, '0', 'Jinja Central H/C III', 6, 28, 31, '785207777', '', '', '', '', '0000-00-00 00:00:00', ''),
(746, 0, '0', 'Gweng-coo H/C II', 5, 47, 56, '782635594', '', '', '', '', '0000-00-00 00:00:00', ''),
(747, 0, '0', 'MJAP-Mulago ', 12, 35, 89, '703628445', '', '', '', '', '0000-00-00 00:00:00', ''),
(748, 0, '0', 'Ssekanyonyi H/C IV', 7, 64, 73, '775289350', '', '', '', '', '0000-00-00 00:00:00', ''),
(749, 0, '0', 'Nabalanga H/C III', 6, 69, 49, '772557616', '', '', '', '', '0000-00-00 00:00:00', ''),
(752, 0, '0', 'International Hospital Kampala', 9, 35, 41, '785194134', '', '', '', '', '0000-00-00 00:00:00', ''),
(753, 0, '0', 'Kitenga H/C III', 6, 68, 76, '750800141', '', '', '', '', '0000-00-00 00:00:00', ''),
(754, 0, '0', 'Goli H/C III (Nebbi)', 6, 74, 78, '774274219', '', '', '', '', '0000-00-00 00:00:00', ''),
(755, 0, '0', 'Namuganga H/C III', 6, 69, 49, '782863847', '', '', '', '', '0000-00-00 00:00:00', ''),
(756, 0, '0', 'St Luke Namaliga H/C III', 6, 55, 63, '772188398', '', '', '', '', '0000-00-00 00:00:00', ''),
(757, 0, '0', 'Kyabazaala H/C III', 6, 69, 49, '752580986', '', '', '', '', '0000-00-00 00:00:00', ''),
(758, 0, '0', 'Mpumudde H/C III (Lyantonde)', 6, 56, 64, '757380166', '', '', '', '', '0000-00-00 00:00:00', ''),
(759, 0, '0', 'Takajjunge H/C II', 5, 69, 49, '781314021', '', '', '', '', '0000-00-00 00:00:00', ''),
(760, 0, '0', 'Kyetume Community Based H/C III (Mukono)', 6, 69, 89, '0771431078', '', 'Ikuma Anna Lucy', '', '', '0000-00-00 00:00:00', ''),
(761, 0, '0', 'Kijomoro H/C III', 6, 58, 11, '777443805', '', '', '', '', '0000-00-00 00:00:00', ''),
(762, 0, '0', 'Nakasongola H/C IV', 7, 72, 77, '772664388', '', '', '', '', '0000-00-00 00:00:00', ''),
(763, 0, '0', 'Ngom-oromo H/C II', 5, 53, 65, '783774860', '', '', '', '', '0000-00-00 00:00:00', ''),
(764, 0, '0', 'Nazigo H/C III', 6, 42, 49, '776269130', '', '', '', '', '0000-00-00 00:00:00', ''),
(765, 0, '0', 'Lyantonde Muslim H/C III', 6, 56, 64, '774674746', '', '', '', '', '0000-00-00 00:00:00', ''),
(766, 0, '0', 'Katoogo H/C III', 6, 69, 49, '772572333', '', '', '', '', '0000-00-00 00:00:00', ''),
(767, 0, '0', 'Pakwach H/C IV', 7, 74, 78, '772877585', '', '', '', '', '0000-00-00 00:00:00', ''),
(768, 0, '0', 'Iganga Islamic HC III', 6, 26, 29, '782705365', '', '', '', '', '0000-00-00 00:00:00', ''),
(769, 0, '0', 'Nyendo H/C II', 5, 59, 68, '754848432', '', '', '', '', '0000-00-00 00:00:00', ''),
(770, 0, '0', 'Mpenja H/C III', 6, 89, 89, '782700305', '', '', '', '', '0000-00-00 00:00:00', ''),
(771, 0, '0', 'Dwoli H/C III', 6, 24, 28, '773398844', '', '', '', '', '0000-00-00 00:00:00', ''),
(772, 0, '0', 'Komamboga H/C III', 6, 35, 41, '0701387607/ 07024966', '', '', '', '', '0000-00-00 00:00:00', ''),
(773, 0, '0', 'Kisugu H/C III', 6, 35, 41, '783215551', '', '', '', '', '0000-00-00 00:00:00', ''),
(774, 0, '0', 'Masaka Municipal Council H/C II', 7, 59, 68, '777832111', '', '', '', '', '0000-00-00 00:00:00', ''),
(775, 0, '0', 'Butagaya H/C III', 6, 28, 31, '75293710', '', '', '', '', '0000-00-00 00:00:00', ''),
(776, 0, '0', 'Busedde H/C III', 6, 28, 31, '753312049', '', '', '', '', '0000-00-00 00:00:00', ''),
(777, 0, '0', 'Kaliro H/C III (Lyantonde)', 6, 56, 64, '782030841', '', '', '', '', '0000-00-00 00:00:00', ''),
(778, 0, '0', 'Kisiita H/C III', 6, 43, 38, '784290690', '', '', '', '', '0000-00-00 00:00:00', ''),
(779, 0, '0', 'Busembatia H/C III', 6, 26, 17, '772065683', '', '', '', '', '0000-00-00 00:00:00', ''),
(780, 0, '0', 'Panyimur H/C III', 6, 74, 78, '753772872', '', '', '', '', '0000-00-00 00:00:00', ''),
(781, 0, '0', '', 1, 0, 1, '', '', '', '', '', '0000-00-00 00:00:00', ''),
(782, 0, '0', 'Kisenyi H/C IV (Kampala)', 7, 35, 41, '774441466', '', '', '', '', '0000-00-00 00:00:00', ''),
(784, 0, '0', 'Osukuru H/C III', 6, 85, 95, '785269965', '', '', '', '', '0000-00-00 00:00:00', ''),
(785, 0, '0', 'Achol Pii Millitary H/C IV', 9, 78, 39, '783949134', '', '', '', '', '0000-00-00 00:00:00', ''),
(786, 0, '0', 'Njeru T/C H/C III', 6, 11, 48, '773473526', '', '', '', '', '0000-00-00 00:00:00', ''),
(787, 0, '0', 'Mpugwe H/C III', 6, 59, 68, '702929961', '', '', '', '', '0000-00-00 00:00:00', ''),
(788, 0, '0', 'Entebbe Grade B Hospital', 9, 86, 24, '772493489', '', '', '', '', '0000-00-00 00:00:00', ''),
(789, 0, '0', 'Maanyi H/C III', 6, 64, 73, '701959174', '', '', '', '', '0000-00-00 00:00:00', ''),
(790, 0, '0', 'Malangala H/C III', 6, 64, 73, '782895329', '', '', '', '', '0000-00-00 00:00:00', ''),
(792, 0, '0', 'Ikumbya H/C III (Luuka)', 6, 97, 42, '782949756', '', '', '', '', '0000-00-00 00:00:00', ''),
(793, 0, '0', 'Kitokolo H/C II', 5, 68, 46, '775499582', '', '', '', '', '0000-00-00 00:00:00', ''),
(794, 0, '0', 'Paidha H/C III', 6, 108, 78, '782228980', '', '', '', '', '0000-00-00 00:00:00', ''),
(795, 0, '0', 'Zeu H/C III', 6, 108, 78, '772913196', '', '', '', '', '0000-00-00 00:00:00', ''),
(796, 0, '0', 'Lwamata H/C III', 6, 44, 50, '779136350', '', '', '', '', '0000-00-00 00:00:00', ''),
(797, 0, '0', 'St Agatha Lwebitakuli', 12, 82, 93, '783930972', '', '', '', '', '0000-00-00 00:00:00', ''),
(798, 0, '0', 'Lulyambuzi H/C III', 6, 36, 42, '781556754', '', '', '', '', '0000-00-00 00:00:00', ''),
(800, 0, '0', 'Wakisi H/C III', 6, 11, 48, '753718182', '', '', '', '', '0000-00-00 00:00:00', ''),
(801, 0, '0', 'Mifumi H/C III', 6, 85, 95, '775458376', '', '', '', '', '0000-00-00 00:00:00', ''),
(802, 0, '0', 'Budini H/C III', 6, 34, 17, '782322010', '', '', '', '', '0000-00-00 00:00:00', ''),
(803, 0, '0', 'Nkondo H/C III', 6, 20, 51, '754605455', '', '', '', '', '0000-00-00 00:00:00', ''),
(804, 0, '0', 'Namasagali H/C III', 6, 36, 42, '753531227', '', '', '', '', '0000-00-00 00:00:00', ''),
(805, 0, '0', 'Iganga Municipal Council H/C III', 6, 26, 29, '773233235', '', '', '', '', '0000-00-00 00:00:00', ''),
(806, 0, '0', 'Kitayunjwa H/C III', 6, 36, 42, '751674285', '', '', '', '', '0000-00-00 00:00:00', ''),
(807, 0, '0', 'Bukonte H/C III', 6, 73, 17, '781447699', '', '', '', '', '0000-00-00 00:00:00', ''),
(808, 0, '0', 'Banda H/C III (Namayingo)', 6, 98, 21, '773497924', '', '', '', '', '0000-00-00 00:00:00', ''),
(809, 0, '0', 'Buluya H/C II', 5, 36, 42, '758834530', '', '', '', '', '0000-00-00 00:00:00', ''),
(810, 0, '0', 'Bulopa H/C III', 6, 36, 42, '773546040', '', '', '', '', '0000-00-00 00:00:00', ''),
(811, 0, '0', 'Nakalama H/C III', 6, 26, 29, '712812079', '', '', '', '', '0000-00-00 00:00:00', ''),
(812, 0, '0', 'Buluguyi H/C III', 6, 10, 15, '', '', '', '', '', '0000-00-00 00:00:00', ''),
(813, 0, '0', 'Bumooli H/C III', 6, 98, 21, '773861703', '', '', '', '', '0000-00-00 00:00:00', ''),
(814, 0, '0', 'Balawoli H/C III', 6, 36, 42, '754670380', '', '', '', '', '0000-00-00 00:00:00', ''),
(816, 0, '0', 'Muterere H/C III', 6, 10, 15, '774838862', '', '', '', '', '0000-00-00 00:00:00', ''),
(817, 0, '0', 'Mayuge H/C III (Bugiri)', 6, 10, 21, '782279196', '', '', '', '', '0000-00-00 00:00:00', ''),
(818, 0, '0', 'Nabisoigi H/C III', 6, 73, 17, '777265464', '', '', '', '', '0000-00-00 00:00:00', ''),
(819, 0, '0', 'Mbulamuti H/C III', 6, 36, 42, '775816902', '', '', '', '', '0000-00-00 00:00:00', ''),
(820, 0, '0', 'Bulidha H/C III', 6, 10, 15, '781471217', '', '', '', '', '0000-00-00 00:00:00', ''),
(821, 0, '0', 'Bupadhengo H/C III', 6, 36, 42, '782301791', '', '', '', '', '0000-00-00 00:00:00', ''),
(822, 0, '0', '', 1, 0, 1, '', '', '', '', '', '0000-00-00 00:00:00', ''),
(823, 0, '0', 'Kitongo H/C III', 6, 64, 73, '773825884', '', '', '', '', '0000-00-00 00:00:00', ''),
(824, 0, '0', 'Nabingoola H/C III', 6, 68, 76, '782808427', '', '', '', '', '0000-00-00 00:00:00', ''),
(825, 0, '0', 'Kazinga H/C III', 6, 51, 58, '774163674', '', '', '', '', '0000-00-00 00:00:00', ''),
(826, 0, '0', 'Kasule H/C III', 6, 51, 58, '774445743', '', '', '', '', '0000-00-00 00:00:00', ''),
(827, 0, '0', 'Kabiira H/C III (Bushenyi)', 6, 16, 19, '751422089', '', '', '', '', '0000-00-00 00:00:00', ''),
(828, 0, '0', 'Kapelebyong H/C IV', 7, 4, 8, '783140399', '', '', '', '', '0000-00-00 00:00:00', ''),
(829, 0, '0', 'Kasawo H/C III', 6, 69, 49, '772546203', '', '', '', '', '0000-00-00 00:00:00', ''),
(830, 0, '0', 'Bardege H/C III', 6, 23, 27, '779116765', '', '', '', '', '0000-00-00 00:00:00', ''),
(831, 0, '0', 'Buyende H/C III', 6, 20, 51, '779224881', '', '', '', '', '0000-00-00 00:00:00', ''),
(832, 0, '0', 'Irundu H/C III', 6, 20, 51, '784481556', '', '', '', '', '0000-00-00 00:00:00', ''),
(833, 0, '0', 'Nabukalu H/C III', 6, 10, 15, '773236228', '', '', '', '', '0000-00-00 00:00:00', ''),
(834, 0, '0', 'Gadumire H/C III', 6, 34, 17, '779052792', '', '', '', '', '0000-00-00 00:00:00', ''),
(835, 0, '0', 'Magada H/C III', 6, 73, 17, '756004366', '', '', '', '', '0000-00-00 00:00:00', ''),
(836, 0, '0', 'Makuutu H/C III', 6, 26, 29, '782087299', '', '', '', '', '0000-00-00 00:00:00', ''),
(837, 0, '0', 'Wii Anaka H/C II', 5, 106, 10, '779997003', '', '', '', '', '0000-00-00 00:00:00', ''),
(838, 0, '0', 'KIU Teaching Hospital', 9, 16, 19, '705764883', '', '', '', '', '0000-00-00 00:00:00', ''),
(839, 0, '0', 'Buwaata H/C II', 5, 68, 76, '', '', '', '', '', '0000-00-00 00:00:00', ''),
(840, 0, '0', 'Kinuuka H/C III', 6, 56, 64, '782319989', '', '', '', '', '0000-00-00 00:00:00', ''),
(841, 0, '0', 'Nabirumba H/C III', 6, 36, 42, '776938773', '', '', '', '', '0000-00-00 00:00:00', ''),
(842, 0, '0', 'Sigulu H/C III', 6, 98, 21, '', '', '', '', '', '0000-00-00 00:00:00', ''),
(843, 0, '0', 'Eria H/C III', 6, 66, 75, '772329509', '', '', '', '', '0000-00-00 00:00:00', ''),
(844, 0, '0', 'Bugondo H/C III', 6, 100, 90, '777053637', '', '', '', '', '0000-00-00 00:00:00', ''),
(845, 0, '0', 'Kyampisi H/C III', 6, 69, 49, '752822247', '', '', '', '', '0000-00-00 00:00:00', ''),
(846, 0, '0', 'Asuret H/C III', 6, 84, 92, '782240420', '', '', '', '', '0000-00-00 00:00:00', ''),
(847, 0, '0', 'Kasambya H/C IV (Mubende)', 7, 68, 76, '776747526', '', '', '', '', '0000-00-00 00:00:00', ''),
(848, 0, '0', 'Kimuli H/C III', 6, 80, 83, '754448895', '', '', '', '', '0000-00-00 00:00:00', ''),
(849, 0, '0', 'Oleba H/C III', 6, 58, 11, '775698811', '', '', '', '', '0000-00-00 00:00:00', ''),
(850, 0, '0', 'Ayago H/C III', 6, 54, 61, '774093016', '', '', '', '', '0000-00-00 00:00:00', ''),
(851, 0, '0', 'Bussi H/C III', 6, 86, 24, '782589306', '', '', '', '', '0000-00-00 00:00:00', ''),
(852, 0, '0', 'Namwiwa H/C III', 6, 34, 17, '779647294', '', '', '', '', '0000-00-00 00:00:00', ''),
(853, 0, '0', 'Kyaterekera H/C III', 6, 43, 36, '774080859', '', '', '', '', '0000-00-00 00:00:00', ''),
(854, 0, '0', 'St Janani H/C II', 5, 101, 39, '781404053', '', '', '', '', '0000-00-00 00:00:00', ''),
(855, 0, '0', 'St Ambrose Charity H/C III', 6, 43, 36, '774178100', '', '', '', '', '0000-00-00 00:00:00', ''),
(856, 0, '0', 'Kasagama H/C III', 6, 56, 64, '782392496', '', '', '', '', '0000-00-00 00:00:00', ''),
(857, 0, '0', 'Usuk H/C III', 6, 41, 47, '774160844', '', '', '', '', '0000-00-00 00:00:00', ''),
(858, 0, '0', 'Bulamagi H/C III', 6, 26, 29, '779601010', '', '', '', '', '0000-00-00 00:00:00', ''),
(859, 0, '0', 'Bugaya H/C III (Buvuma)', 6, 19, 49, '776562714', '', '', '', '', '0000-00-00 00:00:00', ''),
(860, 0, '0', 'Katabi H/C III', 6, 86, 24, '772668793', '', '', '', '', '0000-00-00 00:00:00', ''),
(861, 0, '0', 'Kango H/C III', 6, 108, 78, '783752350', '', '', '', '', '0000-00-00 00:00:00', ''),
(862, 0, '0', 'Butaga H/C III', 6, 28, 31, '789602504', '', '', '', '', '0000-00-00 00:00:00', ''),
(863, 0, '0', 'Madudu H/C III', 6, 68, 46, '704701360', '', '', '', '', '0000-00-00 00:00:00', ''),
(864, 0, '0', 'Ndejje H/C IV (Wakiso)', 7, 86, 24, '752613587', '', '', '', '', '0000-00-00 00:00:00', ''),
(865, 0, '0', 'Kabamba H/C III', 6, 68, 76, '702006222', '', '', '', '', '0000-00-00 00:00:00', ''),
(866, 0, '0', 'Lodonga H/C III', 6, 87, 96, '774815291', '', '', '', '', '0000-00-00 00:00:00', ''),
(867, 0, '0', 'Ttikalu H/C III', 6, 86, 116, '782375250', '', '', '', '', '0000-00-00 00:00:00', ''),
(868, 0, '0', 'Kochi H/C III', 6, 87, 96, '784373144', '', '', '', '', '0000-00-00 00:00:00', ''),
(869, 0, '0', 'Ayipe H/C III', 6, 48, 11, '773994110', '', '', '', '', '0000-00-00 00:00:00', ''),
(870, 0, '0', 'Nakasojjo H/C II', 5, 59, 68, '779214576', '', '', '', '', '0000-00-00 00:00:00', ''),
(871, 0, '0', 'Ssunga H/C III', 6, 59, 68, '779516892', '', '', '', '', '0000-00-00 00:00:00', ''),
(872, 0, '0', 'Kyehoro H/C II', 5, 24, 28, '774089364', '', '', '', '', '0000-00-00 00:00:00', ''),
(873, 0, '0', 'Kibanda H/C III (Rakai)', 6, 80, 83, '778271344', '', '', '', '', '0000-00-00 00:00:00', ''),
(874, 0, '0', 'Adumi H/C IV', 7, 7, 11, '772347268', '', '', '', '', '0000-00-00 00:00:00', ''),
(875, 0, '0', 'Kabanga H/C III', 6, 69, 49, '782971648', '', '', '', '', '0000-00-00 00:00:00', ''),
(876, 0, '0', 'Ngogwe H/C III', 6, 11, 48, '751230267', '', '', '', '', '0000-00-00 00:00:00', ''),
(877, 0, '0', 'Bulesa H/C III', 6, 10, 15, '787528852', '', '', '', '', '0000-00-00 00:00:00', ''),
(878, 0, '0', 'Buredo H/C III', 6, 109, 80, '751273991', '', '', '', '', '0000-00-00 00:00:00', ''),
(879, 0, '0', 'Kifamba H/C III (Rakai)', 6, 80, 83, '782272354', '', '', '', '', '0000-00-00 00:00:00', ''),
(880, 0, '0', 'Goma H/C III', 6, 69, 49, '782923738', '', '', '', '', '0000-00-00 00:00:00', ''),
(881, 0, '0', 'Musozi H/C III', 6, 68, 46, '755097869', '', '', '', '', '0000-00-00 00:00:00', ''),
(882, 0, '0', 'Okidi H/C III', 6, 47, 56, '775634031', '', '', '', '', '0000-00-00 00:00:00', ''),
(883, 0, '0', 'Nawandala H/C III', 6, 26, 29, '', '', '', '', '', '0000-00-00 00:00:00', ''),
(884, 0, '0', 'Mutumba H/C III', 6, 98, 21, '776663877', '', '', '', '', '0000-00-00 00:00:00', ''),
(885, 0, '0', 'Buwunga H/C III (Masaka)', 6, 59, 68, '706308207', '', '', '', '', '0000-00-00 00:00:00', ''),
(886, 0, '0', 'Bugulumbya H/C III', 6, 36, 42, '783907440', '', '', '', '', '0000-00-00 00:00:00', ''),
(887, 0, '0', 'Lubira H/C III', 6, 26, 29, '783288553', '', '', '', '', '0000-00-00 00:00:00', ''),
(888, 0, '0', 'St Matia Mulumba H/C III (Namayingo)', 6, 98, 21, '785041846', '', '', '', '', '0000-00-00 00:00:00', ''),
(889, 0, '0', 'Archdicondary H/C II', 5, 47, 56, '776355535', '', '', '', '', '0000-00-00 00:00:00', ''),
(890, 0, '0', 'Bbaale H/C IV', 7, 42, 49, '774868071', '', '', '', '', '0000-00-00 00:00:00', ''),
(892, 0, '0', 'Newlife H/C III', 6, 47, 56, '782171097', '', '', '', '', '0000-00-00 00:00:00', ''),
(894, 0, '0', 'Budima H/C III', 6, 28, 31, '783665019', '', '', '', '', '0000-00-00 00:00:00', ''),
(895, 0, '0', 'Lukolo H/C III', 6, 28, 31, '756358648', '', '', '', '', '0000-00-00 00:00:00', ''),
(897, 0, '0', 'Nsozi H/C III', 6, 24, 28, '773627721', '', '', '', '', '0000-00-00 00:00:00', ''),
(898, 0, '0', 'Kiyuni H/C III (Mubende)', 6, 68, 76, '705068525', '', '', '', '', '0000-00-00 00:00:00', ''),
(899, 0, '0', 'Lwampanga H/C III', 6, 72, 77, '774630725', '', '', '', '', '0000-00-00 00:00:00', ''),
(900, 0, '0', 'Kyanamugera H/C II', 5, 68, 46, '753261909', '', '', '', '', '0000-00-00 00:00:00', ''),
(901, 0, '0', 'Kabule H/C III', 6, 64, 73, '0775337911/077445881', '', '', '', '', '0000-00-00 00:00:00', ''),
(902, 0, '0', 'Paragon Hospital', 9, 35, 41, '772688100', '', '', '', '', '0000-00-00 00:00:00', ''),
(903, 0, '0', 'Kanoni H/C III (Gomba)', 6, 89, 89, '774112997', '', '', '', '', '0000-00-00 00:00:00', ''),
(904, 0, '0', 'Uganda Reproductive Health Bureau', 12, 34, 17, '782671620', '', '', '', '', '0000-00-00 00:00:00', ''),
(905, 0, '0', 'Iwemba H/C III', 6, 10, 15, '', '', '', '', '', '0000-00-00 00:00:00', ''),
(906, 0, '0', 'Kifampa H/C III (Gomba)', 6, 89, 89, '755623835', '', '', '', '', '0000-00-00 00:00:00', ''),
(907, 0, '0', 'Buwagajjo H/C III', 6, 11, 48, '773442061', '', '', '', '', '0000-00-00 00:00:00', ''),
(908, 0, '0', 'Nakayonza H/C III', 6, 72, 77, '775144458', '', '', '', '', '0000-00-00 00:00:00', ''),
(909, 0, '0', 'Busabaga H/C III', 6, 11, 48, '751946283', '', '', '', '', '0000-00-00 00:00:00', ''),
(910, 0, '0', 'Atiriri H/C IV', 7, 84, 92, '774206049', '', '', '', '', '0000-00-00 00:00:00', ''),
(911, 0, '0', 'Yumbe H/C III', 6, 87, 96, '756410530', '', '', '', '', '0000-00-00 00:00:00', ''),
(912, 0, '0', 'Bumwoni H/C III', 6, 57, 95, '784953327', '', '', '', '', '0000-00-00 00:00:00', ''),
(913, 0, '0', 'Kateta H/C III', 6, 100, 92, '75195657', '', '', '', '', '0000-00-00 00:00:00', ''),
(914, 0, '0', 'Atiira H/C III', 6, 100, 90, '782892780', '', '', '', '', '0000-00-00 00:00:00', ''),
(915, 0, '0', 'Reproductive Health Uganda (Apac)', 12, 6, 4, '774014164', '', '', '', '', '0000-00-00 00:00:00', ''),
(916, 0, '0', 'Kyamulibwa H/C III', 6, 90, 100, '789641470', '', '', '', '', '0000-00-00 00:00:00', ''),
(917, 0, '0', 'Eastern Division', 2, 0, 0, '', '', '', '', '', '0000-00-00 00:00:00', ''),
(918, 0, '0', 'Eastern Division H/C III', 6, 84, 92, '774574117', '', '', '', '', '0000-00-00 00:00:00', ''),
(919, 0, '0', 'Ngora Maternity Unit H/C III', 6, 99, 105, '774610030', '', '', '', '', '0000-00-00 00:00:00', ''),
(921, 0, '0', 'Kigulu H/C II', 5, 10, 15, '712211325', '', '', '', '', '0000-00-00 00:00:00', ''),
(922, 0, '0', 'Kigungu H/C III', 6, 86, 24, '774013068', '', '', '', '', '0000-00-00 00:00:00', ''),
(923, 0, '0', 'Lorengechora H/C III', 6, 105, 74, '773902104', '', '', '', '', '0000-00-00 00:00:00', ''),
(924, 0, '0', 'Mungula H/C IV', 7, 2, 6, '773244301', '', '', '', '', '0000-00-00 00:00:00', ''),
(925, 0, '0', 'Iriiri H/C III', 6, 105, 74, '772506949', '', '', '', '', '0000-00-00 00:00:00', ''),
(926, 0, '0', 'Atoot H/C II', 5, 99, 105, '782983154', '', '', '', '', '0000-00-00 00:00:00', ''),
(927, 0, '0', 'Najjembe H/C III', 6, 11, 48, '7835801413', '', '', '', '', '0000-00-00 00:00:00', ''),
(928, 0, '0', 'Lugasa H/C III', 6, 42, 49, '774485472', '', '', '', '', '0000-00-00 00:00:00', ''),
(929, 0, '0', 'Kacheri H/C III', 6, 49, 57, '782690004', '', '', '', '', '0000-00-00 00:00:00', ''),
(930, 0, '0', 'Princess Diana H/C IV', 7, 84, 92, '784479487', '', '', '', '', '0000-00-00 00:00:00', ''),
(931, 0, '0', 'Odupi H/C III', 6, 7, 11, '774084117', '', '', '', '', '0000-00-00 00:00:00', ''),
(932, 0, '0', 'Buwabwala H/C III', 6, 57, 95, '', '', '', '', '', '0000-00-00 00:00:00', ''),
(933, 0, '0', 'Bubutu H/C III', 6, 57, 95, '752521809', '', '', '', '', '0000-00-00 00:00:00', ''),
(934, 0, '0', 'Jinja Islamic H/C', 1, 28, 31, '712561446', '', '', '', '', '0000-00-00 00:00:00', ''),
(935, 0, '0', 'Bulondo H/C III', 6, 86, 116, '775618386', '', '', '', '', '0000-00-00 00:00:00', ''),
(936, 0, '0', 'Singila H/C II', 5, 98, 21, '782674946', '', '', '', '', '0000-00-00 00:00:00', ''),
(937, 0, '0', 'Banda H/C II (Wakiso)', 5, 86, 41, '782646535', '', '', '', '', '0000-00-00 00:00:00', ''),
(938, 0, '0', 'Irongo H/C III', 6, 97, 29, '713821945', '', '', '', '', '0000-00-00 00:00:00', ''),
(939, 0, '0', 'Kandege H/C II', 5, 98, 21, '784759501', '', '', '', '', '0000-00-00 00:00:00', ''),
(940, 0, '0', 'Butansi H/C III', 6, 36, 42, '', '', '', '', '', '0000-00-00 00:00:00', ''),
(941, 0, '0', 'Nkooko H/C III', 6, 43, 38, '773467769', '', '', '', '', '0000-00-00 00:00:00', ''),
(942, 0, '0', 'Logiri H/C III', 6, 7, 11, '777443762', '', '', '', '', '0000-00-00 00:00:00', ''),
(943, 0, '0', 'Nabitsiichi H/C III', 6, 57, 95, '777262244', '', '', '', '', '0000-00-00 00:00:00', ''),
(944, 0, '0', 'Wadra H/C III', 6, 58, 11, '791866200', '', '', '', '', '0000-00-00 00:00:00', ''),
(945, 0, '0', 'Nagongera H/C IV', 7, 85, 95, '774353014', '', '', '', '', '0000-00-00 00:00:00', ''),
(946, 0, '0', 'Mayirye H/C III', 6, 64, 73, '779109003', '', '', '', '', '0000-00-00 00:00:00', ''),
(948, 0, '0', 'Kalaki H/C III', 6, 32, 34, '778216995', '', '', '', '', '0000-00-00 00:00:00', ''),
(949, 0, '0', 'Bamugolodde H/C III', 6, 72, 77, '775155336', '', '', '', '', '0000-00-00 00:00:00', ''),
(950, 0, '0', 'Abarilela H/C III', 6, 4, 8, '775349900', '', '', '', '', '0000-00-00 00:00:00', ''),
(951, 0, '0', 'Kyamulibwa H/C IV', 7, 90, 100, '787195832', '', '', '', '', '0000-00-00 00:00:00', ''),
(952, 0, '0', 'Ketaasa H/C III', 6, 93, 0, '772366861', '', '', '', '', '0000-00-00 00:00:00', ''),
(954, 0, '0', 'Bumbo H/C III', 6, 57, 95, '776123889', '', '', '', '', '0000-00-00 00:00:00', ''),
(955, 0, '0', '', 1, 0, 1, '', '', '', '', '', '0000-00-00 00:00:00', ''),
(956, 0, '0', 'Wadelai H/C III', 6, 74, 78, '773363951', '', '', '', '', '0000-00-00 00:00:00', ''),
(957, 0, '0', 'Tara H/C III', 6, 58, 11, '777455851', '', '', '', '', '0000-00-00 00:00:00', ''),
(958, 0, '0', 'Busamuzi H/C III', 6, 19, 49, '776533001', '', '', '', '', '0000-00-00 00:00:00', ''),
(959, 0, '0', 'Bulo H/C III', 6, 88, 26, '', '', '', '', '', '0000-00-00 00:00:00', ''),
(960, 0, '0', 'Nakitoma H/C III', 6, 72, 77, '775751508', '', '', '', '', '0000-00-00 00:00:00', ''),
(961, 0, '0', 'Nsawo H/C III', 6, 55, 63, '772186149', '', '', '', '', '0000-00-00 00:00:00', ''),
(962, 0, '0', 'Kakaire H/C III', 6, 28, 31, '773009580', '', '', '', '', '0000-00-00 00:00:00', ''),
(963, 0, '0', 'Wakitaka H/C III', 6, 28, 31, '774681260', '', '', '', '', '0000-00-00 00:00:00', ''),
(964, 0, '0', 'Buwenge Hospital', 9, 28, 31, '774174781', '', '', '', '', '0000-00-00 00:00:00', ''),
(965, 0, '0', 'Hukeseho H/C III', 6, 98, 21, '778094200', '', '', '', '', '0000-00-00 00:00:00', ''),
(966, 0, '0', 'Bugiri Town Council H/C II', 5, 10, 15, '782119856', '', '', '', '', '0000-00-00 00:00:00', ''),
(967, 0, '0', 'Tongolo H/C II', 5, 11, 48, '777674963', '', '', '', '', '0000-00-00 00:00:00', ''),
(968, 0, '0', 'Buikwe H/C III', 6, 11, 48, '779313239', '', '', '', '', '0000-00-00 00:00:00', ''),
(969, 0, '0', 'Chawente H/C III', 6, 6, 4, '774164916', '', '', '', '', '0000-00-00 00:00:00', ''),
(970, 0, '0', 'Kadungulu H/C III', 6, 100, 90, '785705528', '', '', '', '', '0000-00-00 00:00:00', ''),
(971, 0, '0', 'Kawaala H/C III', 6, 35, 41, '777425862', '', '', '', '', '0000-00-00 00:00:00', ''),
(972, 0, '0', 'Ggolo H/C III', 6, 67, 26, '779203475', '', '', '', '', '0000-00-00 00:00:00', ''),
(973, 0, '0', 'Dufile H/C III', 6, 66, 75, '785920582', '', '', '', '', '0000-00-00 00:00:00', ''),
(974, 0, '0', 'Makindu H/C III', 6, 11, 48, '', '', '', '', '', '0000-00-00 00:00:00', ''),
(975, 0, '0', 'Bukoova H/C III', 6, 97, 42, '79486623', '', '', '', '', '0000-00-00 00:00:00', ''),
(976, 0, '0', 'Kakooge H/C III', 6, 72, 77, '78449090', '', '', '', '', '0000-00-00 00:00:00', ''),
(977, 0, '0', 'Kei H/C III', 6, 87, 96, '773297077', '', '', '', '', '0000-00-00 00:00:00', ''),
(978, 0, '0', 'Oluvu H/C III', 6, 58, 11, '782850030', '', '', '', '', '0000-00-00 00:00:00', ''),
(979, 0, '0', 'Omiito H/C II', 5, 99, 105, '783108793', '', '', '', '', '0000-00-00 00:00:00', ''),
(980, 0, '0', 'Kyalulangira H/C III', 6, 80, 83, '782354936', '', '', '', '', '0000-00-00 00:00:00', ''),
(981, 0, '0', 'Kimengo H/C III', 6, 60, 69, '783450600', '', '', '', '', '0000-00-00 00:00:00', ''),
(982, 0, '0', 'Hapuuyo H/C III', 6, 51, 58, '776062974', '', '', '', '', '0000-00-00 00:00:00', ''),
(983, 0, '0', 'Iyolwa H/C III', 6, 85, 95, '782086004', '', '', '', '', '0000-00-00 00:00:00', ''),
(984, 0, '0', 'Kazwama H/C II', 5, 72, 77, '782585897', '', '', '', '', '0000-00-00 00:00:00', ''),
(985, 0, '0', 'Kyato H/C II', 5, 68, 46, '788055915', '', '', '', '', '0000-00-00 00:00:00', ''),
(987, 0, '0', 'Kabale H/C III (Hoima)', 6, 24, 28, '774968571', '', '', '', '', '0000-00-00 00:00:00', ''),
(988, 0, '0', 'Wera H/C III  ST MICHAEL ', 6, 4, 8, '', '', '', '', '', '0000-00-00 00:00:00', ''),
(989, 0, '0', 'Bubangizi H/C III', 6, 111, 72, '773338112', '', '', '', '', '0000-00-00 00:00:00', ''),
(990, 0, '0', 'Nyakatsiro H/C III', 6, 111, 72, '775209767', '', '', '', '', '0000-00-00 00:00:00', ''),
(991, 0, '0', 'Metha Hospital', 9, 11, 48, '752645220', '', '', '', '', '0000-00-00 00:00:00', ''),
(992, 0, '0', 'Bishop Ceaser Asili Hospital', 9, 55, 63, '788689839', '', '', '', '', '0000-00-00 00:00:00', ''),
(993, 0, '0', 'Lefori H/C III', 6, 66, 75, '782929122', '', '', '', '', '0000-00-00 00:00:00', ''),
(994, 0, '0', 'Bukakata H/C III', 6, 59, 68, '703842081', '', '', '', '', '0000-00-00 00:00:00', ''),
(995, 0, '0', 'Ngora H/C IV', 7, 99, 105, '785668142', '', '', '', '', '0000-00-00 00:00:00', ''),
(996, 0, '0', 'Semuto H/C IV', 7, 71, 79, '787499257', '', '', '', '', '0000-00-00 00:00:00', ''),
(997, 0, '0', 'Nswanjere H/C III (St Joseph)', 6, 67, 26, '783507197', '', '', '', '', '0000-00-00 00:00:00', ''),
(998, 0, '0', 'Magamaga H/C III', 6, 28, 31, '772471072', '', '', '', '', '0000-00-00 00:00:00', ''),
(999, 0, '0', 'Bombo H/C III', 6, 55, 63, '773123529', '', '', '', '', '0000-00-00 00:00:00', ''),
(1000, 0, '0', 'Katikamu H/C III', 6, 55, 63, '775353590', '', '', '', '', '0000-00-00 00:00:00', ''),
(1001, 0, '0', 'Kangole H/C III', 6, 105, 74, '774811955', '', '', '', '', '0000-00-00 00:00:00', ''),
(1002, 0, '0', 'Ndejje University H/C III', 6, 55, 63, '772445682', '', '', '', '', '0000-00-00 00:00:00', ''),
(1003, 0, '0', 'Panyigoro H/C III', 6, 74, 78, '', '', '', '', '', '0000-00-00 00:00:00', ''),
(1004, 0, '0', 'Azaipi H/C III', 6, 2, 6, '782904210', '', '', '', '', '0000-00-00 00:00:00', ''),
(1005, 0, '0', 'Obongi H/C IV', 7, 66, 75, '773890644', '', '', '', '', '0000-00-00 00:00:00', ''),
(1006, 0, '0', 'Our Lady  of Lourdes H/C III (Nakasongola)', 6, 72, 77, '782777430', '', '', '', '', '0000-00-00 00:00:00', ''),
(1007, 0, '0', 'Mpambwe H/C III', 6, 28, 31, '783069403', '', '', '', '', '0000-00-00 00:00:00', ''),
(1008, 0, '0', 'Lotim H/C II', 5, 29, 32, '775287200', '', '', '', '', '0000-00-00 00:00:00', ''),
(1009, 0, '0', 'Katiyi H/C III', 6, 7, 11, '774738058', '', '', '', '', '0000-00-00 00:00:00', ''),
(1010, 0, '0', 'Zirobwe H/C III', 6, 55, 63, '782419115', '', '', '', '', '0000-00-00 00:00:00', ''),
(1011, 0, '0', 'Apwori H/C III', 6, 6, 4, '779633267', '', '', '', '', '0000-00-00 00:00:00', ''),
(1012, 0, '0', 'Laropi H/C III', 6, 66, 75, '782797276', '', '', '', '', '0000-00-00 00:00:00', ''),
(1013, 0, '0', 'Pokwero H/C III', 6, 74, 78, '774564784', '', '', '', '', '0000-00-00 00:00:00', ''),
(1014, 0, '0', 'Kamira H/C III', 6, 55, 63, '773864847', '', '', '', '', '0000-00-00 00:00:00', ''),
(1015, 0, '0', 'Omatenga H/C II', 5, 50, 13, '', '', '', '', '', '0000-00-00 00:00:00', ''),
(1016, 0, '0', 'Nadunget H/C III', 6, 65, 74, '782110280', '', '', '', '', '0000-00-00 00:00:00', ''),
(1017, 0, '0', 'Butuntumula H/C III', 6, 55, 63, '774101036', '', '', '', '', '0000-00-00 00:00:00', ''),
(1018, 0, '0', 'Bugambe H/C III (Hoima)', 6, 24, 28, '775661876', '', '', '', '', '0000-00-00 00:00:00', ''),
(1019, 0, '0', 'Katuugo H/C II', 5, 55, 63, '772531714', '', '', '', '', '0000-00-00 00:00:00', ''),
(1020, 0, '0', 'Kakasi C.O.U H/C III', 6, 37, 101, '781522484', '', '', '', '', '0000-00-00 00:00:00', ''),
(1021, 0, '0', 'Nabwendo H/C III', 6, 44, 50, '785840041', '', '', '', '', '0000-00-00 00:00:00', ''),
(1022, 0, '0', 'Kalangaalo H/C II', 5, 64, 73, '772324196', '', '', '', '', '0000-00-00 00:00:00', ''),
(1023, 0, '0', 'Nindye H/C III', 6, 67, 26, '772893821', '', '', '', '', '0000-00-00 00:00:00', ''),
(1024, 0, '0', 'Bukeeri H/C III', 6, 59, 68, '702930554', '', '', '', '', '0000-00-00 00:00:00', ''),
(1025, 0, '0', 'Bunjako H/C III', 6, 67, 26, '', '', '', '', '', '0000-00-00 00:00:00', ''),
(1027, 0, '0', 'Panyangasi H/C III', 6, 85, 95, '773815556', '', '', '', '', '0000-00-00 00:00:00', ''),
(1028, 0, '0', 'Bululu H/C III', 6, 32, 34, '782146065', '', '', '', '', '0000-00-00 00:00:00', ''),
(1029, 0, '0', 'Panyadoli H/C III', 6, 110, 53, '784305700', '', '', '', '', '0000-00-00 00:00:00', ''),
(1030, 0, '0', 'Kikoma H/C III', 6, 55, 63, '772375997', '', '', '', '', '0000-00-00 00:00:00', ''),
(1031, 0, '0', 'Mukongoro H/C III', 6, 50, 13, '782015270', '', '', '', '', '0000-00-00 00:00:00', ''),
(1032, 0, '0', 'St Jude Thaddeous Karungu H/C', 12, 110, 53, '785406822', '', '', '', '', '0000-00-00 00:00:00', ''),
(1033, 0, '0', 'Kucwiny H/C III', 6, 74, 78, '756243651', '', '', '', '', '0000-00-00 00:00:00', ''),
(1034, 0, '0', 'Masindi Port H/C III', 6, 110, 53, '775172633', '', '', '', '', '0000-00-00 00:00:00', ''),
(1036, 0, '0', 'St Francis Health Care Services', 12, 11, 48, '75455173', '', '', '', '', '0000-00-00 00:00:00', ''),
(1037, 0, '0', 'Potika H/C II', 5, 53, 65, '778466208', '', '', '', '', '0000-00-00 00:00:00', ''),
(1038, 0, '0', 'St Padre Pio H/C III Busunju', 6, 64, 73, '783523378', '', '', '', '', '0000-00-00 00:00:00', ''),
(1039, 0, '0', 'Kakiri H/C III', 6, 86, 24, '772674849', '', '', '', '', '0000-00-00 00:00:00', ''),
(1040, 0, '0', 'Kiziba H/C III (Rakai)', 6, 80, 83, '778658435', '', '', '', '', '0000-00-00 00:00:00', ''),
(1041, 0, '0', 'Seguku H/C II', 5, 86, 41, '772493521', '', '', '', '', '0000-00-00 00:00:00', ''),
(1042, 0, '0', 'Kyabadaaza H/C III', 6, 88, 26, '782447049', '', '', '', '', '0000-00-00 00:00:00', ''),
(1043, 0, '0', 'Kabeykia H/C III', 6, 39, 44, '782235986', '', '', '', '', '0000-00-00 00:00:00', '');
INSERT INTO `facility` (`id`, `parentid`, `code`, `name`, `facilitylevelid`, `districtid`, `hubid`, `phone`, `email`, `contactperson`, `physicaladdress`, `returnaddress`, `created`, `createdby`) VALUES
(1044, 0, '0', 'Kiragga H/C III', 6, 90, 100, '787419829', '', '', '', '', '0000-00-00 00:00:00', ''),
(1045, 0, '0', 'Anyavu H/C II', 5, 7, 11, '758996063', '', '', '', '', '0000-00-00 00:00:00', ''),
(1046, 0, '0', 'Katikamu-Kisule H/C III', 6, 55, 63, '782059796', '', '', '', '', '0000-00-00 00:00:00', ''),
(1047, 0, '0', 'Mutunda H/C III', 6, 110, 53, '774267099', '', '', '', '', '0000-00-00 00:00:00', ''),
(1048, 0, '0', 'Kigumba H/C III', 6, 110, 53, '772988671', '', '', '', '', '0000-00-00 00:00:00', ''),
(1049, 0, '0', 'Agiermach H/C III', 6, 108, 78, '773169570', '', '', '', '', '0000-00-00 00:00:00', ''),
(1050, 0, '0', 'Busaana H/C III', 6, 42, 49, '772337351', '', '', '', '', '0000-00-00 00:00:00', ''),
(1051, 0, '0', 'Bamunanika H/C III', 6, 55, 63, '', '', '', '', '', '0000-00-00 00:00:00', ''),
(1052, 0, '0', 'Kavule H/C II', 5, 11, 48, '772334648', '', '', '', '', '0000-00-00 00:00:00', ''),
(1053, 0, '0', 'Ovujo H/C III', 6, 58, 11, '774278178', '', '', '', '', '0000-00-00 00:00:00', ''),
(1054, 0, '0', 'St Francis H/C III Ocodri', 6, 7, 11, '777441014', '', '', '', '', '0000-00-00 00:00:00', ''),
(1055, 0, '0', 'Naanywa H/C III', 6, 92, 115, '772575208', '', '', '', '', '0000-00-00 00:00:00', ''),
(1056, 0, '0', 'Vurra H/C III', 6, 7, 11, '782071515', '', '', '', '', '0000-00-00 00:00:00', ''),
(1057, 0, '0', 'Bubukwanga H/C III', 6, 15, 18, '779481319', '', '', '', '', '0000-00-00 00:00:00', ''),
(1058, 0, '0', 'Lukomera Maternity Centre', 12, 55, 63, '783195153', '', '', '', '', '0000-00-00 00:00:00', ''),
(1059, 0, '0', 'Moroto Army H/C IV', 7, 65, 74, '789503034', '', '', '', '', '0000-00-00 00:00:00', ''),
(1060, 0, '0', 'Mukono Hospital C.O.U', 9, 69, 49, '774066387', '', '', '', '', '0000-00-00 00:00:00', ''),
(1061, 0, '0', 'Bukalagi H/C III', 6, 89, 89, '754138335', '', '', '', '', '0000-00-00 00:00:00', ''),
(1062, 0, '0', 'Mende H/C III', 6, 86, 116, '775922302', '', '', '', '', '0000-00-00 00:00:00', ''),
(1063, 0, '0', 'Kayango H/C III', 6, 10, 15, '772317674', '', '', '', '', '0000-00-00 00:00:00', ''),
(1064, 0, '0', 'Nyaravur H/C III', 6, 74, 78, '771035432', '', '', '', '', '0000-00-00 00:00:00', ''),
(1065, 0, '0', 'Kyalugondo H/C III', 6, 55, 63, '702487880', '', '', '', '', '0000-00-00 00:00:00', ''),
(1066, 0, '0', 'Wabusana H/C III', 6, 55, 63, '782852711', '', '', '', '', '0000-00-00 00:00:00', ''),
(1067, 0, '0', 'Ssi H/C III', 6, 11, 48, '0774463756/075126722', '', '', '', '', '0000-00-00 00:00:00', ''),
(1068, 0, '0', 'Panyangara H/C III', 6, 49, 57, '782842756', '', '', '', '', '0000-00-00 00:00:00', ''),
(1069, 0, '0', 'Ajia H/C III', 6, 7, 11, '774684879', '', '', '', '', '0000-00-00 00:00:00', ''),
(1072, 0, '0', 'Kitanda H/C III', 6, 93, 93, '774319402', '', '', '', '', '0000-00-00 00:00:00', ''),
(1073, 0, '0', 'Lwanda H/C III', 6, 80, 83, '774250308', '', '', '', '', '0000-00-00 00:00:00', ''),
(1074, 0, '0', 'Bitooma H/C III', 6, 16, 19, '777407512', '', '', '', '', '0000-00-00 00:00:00', ''),
(1075, 0, '0', 'Parombo H/C III', 6, 74, 78, '774566858', '', '', '', '', '0000-00-00 00:00:00', ''),
(1076, 0, '0', 'Bulera H/C III', 6, 64, 73, '789496775', '', '', '', '', '0000-00-00 00:00:00', ''),
(1077, 0, '0', 'Yivu Abea H/C II', 5, 58, 11, '756067072', '', '', '', '', '0000-00-00 00:00:00', ''),
(1078, 0, '0', 'Toroma H/C IV', 7, 41, 47, '774151227', '', '', '', '', '0000-00-00 00:00:00', ''),
(1079, 0, '0', 'Kimwanyi H/C III', 6, 92, 115, '774989372', '', '', '', '', '0000-00-00 00:00:00', ''),
(1080, 0, '0', 'St Micheal HCF H/C III (Amuria)', 6, 4, 8, '777687013', '', '', '', '', '0000-00-00 00:00:00', ''),
(1081, 0, '0', 'Warr H/C III', 6, 108, 78, '773971339', '', '', '', '', '0000-00-00 00:00:00', ''),
(1082, 0, '0', 'Bukasa H/C IV', 7, 33, 113, '', '', '', '', '', '0000-00-00 00:00:00', ''),
(1083, 0, '0', 'Bweema H/C III', 6, 19, 49, '771487441', '', '', '', '', '0000-00-00 00:00:00', ''),
(1084, 0, '0', 'Kinyara H/C III', 6, 60, 69, '701582072', '', '', '', '', '0000-00-00 00:00:00', ''),
(1085, 0, '0', 'Kabeywa H/C III', 6, 39, 44, '782235986', '', '', '', '', '0000-00-00 00:00:00', ''),
(1086, 0, '0', 'Awebwa Maternity Centre', 12, 55, 63, '785937453', '', '', '', '', '0000-00-00 00:00:00', ''),
(1087, 0, '0', 'Kabungo H/C III', 6, 90, 100, '774455075', '', '', '', '', '0000-00-00 00:00:00', ''),
(1088, 0, '0', 'Nyantonzi H/C III', 6, 60, 69, '782804742', '', '', '', '', '0000-00-00 00:00:00', ''),
(1089, 0, '0', 'Wamala H/C II', 5, 86, 24, '777550255', '', '', '', '', '0000-00-00 00:00:00', ''),
(1090, 0, '0', 'Bowa H/C III', 6, 55, 63, '774039639', '', '', '', '', '0000-00-00 00:00:00', ''),
(1092, 0, '0', 'Diima H/C III', 6, 110, 53, '772033680', '', '', '', '', '0000-00-00 00:00:00', ''),
(1093, 0, '0', 'Kamaka H/C III', 6, 58, 11, '787542565', '', '', '', '', '0000-00-00 00:00:00', ''),
(1094, 0, '0', 'Ssekamuli H/C III', 6, 55, 63, '782506688', '', '', '', '', '0000-00-00 00:00:00', ''),
(1095, 0, '0', 'Kolir H/C III', 6, 12, 13, '782315702', '', '', '', '', '0000-00-00 00:00:00', ''),
(1097, 0, '0', 'Lacor Opit H/C III- Gulu', 6, 23, 4, '0777320900/077781745', '', '', '', '', '0000-00-00 00:00:00', ''),
(1098, 0, '0', 'St Kevin H/C III', 6, 41, 47, '789476311', '', '', '', '', '0000-00-00 00:00:00', ''),
(1099, 0, '0', 'Moyo Mission H/C III', 6, 66, 75, '782781619', '', '', '', '', '0000-00-00 00:00:00', ''),
(1100, 0, '0', 'Kalonga H/C III', 6, 68, 76, '774105613', '', '', '', '', '0000-00-00 00:00:00', ''),
(1101, 0, '0', 'Myanzi H/C III (Mubende)', 6, 68, 46, '777597967', '', '', '', '', '0000-00-00 00:00:00', ''),
(1102, 0, '0', 'Kira H/C III', 6, 86, 116, '702210451', '', '', '', '', '0000-00-00 00:00:00', ''),
(1103, 0, '0', 'Nabiswera H/C III', 6, 72, 77, '775967443', '', '', '', '', '0000-00-00 00:00:00', ''),
(1104, 0, '0', 'Wabigalo H/C III', 6, 72, 77, '772510162', '', '', '', '', '0000-00-00 00:00:00', ''),
(1105, 0, '0', 'St Luke H/C III Katiyi', 12, 7, 11, '782240065', '', '', '', '', '0000-00-00 00:00:00', ''),
(1106, 0, '0', 'Tiriri H/C IV', 7, 84, 92, '', '', '', '', '', '0000-00-00 00:00:00', ''),
(1107, 0, '0', 'Ediofe H/C III', 6, 7, 11, '774497489', '', '', '', '', '0000-00-00 00:00:00', ''),
(1108, 0, '0', 'Ogoko H/C II', 5, 7, 11, '774564653', '', '', '', '', '0000-00-00 00:00:00', ''),
(1109, 0, '0', 'Nyamarwa H/C III (Kibaale)', 6, 43, 38, '783984137', '', '', '', '', '0000-00-00 00:00:00', ''),
(1110, 0, '0', 'Isunga H/C III', 6, 43, 36, '703876718', '', '', '', '', '0000-00-00 00:00:00', ''),
(1111, 0, '0', 'Mpeefu H/C III', 6, 43, 36, '782717237', '', '', '', '', '0000-00-00 00:00:00', ''),
(1112, 0, '0', 'Buseruka H/C III', 6, 24, 28, '771603871', '', '', '', '', '0000-00-00 00:00:00', ''),
(1113, 0, '0', 'Kaseeta H/C III', 6, 24, 28, '777101404', '', '', '', '', '0000-00-00 00:00:00', ''),
(1114, 0, '0', 'TASO Kanyanya', 12, 35, 41, '772353599', '', '', '', '', '0000-00-00 00:00:00', ''),
(1115, 0, '0', 'Otuboi H/C III', 6, 32, 34, '78456683', '', '', '', '', '0000-00-00 00:00:00', ''),
(1116, 0, '0', 'Alwa H/C III', 6, 32, 34, '718878117', '', '', '', '', '0000-00-00 00:00:00', ''),
(1117, 0, '0', 'Kiyuni H/C III (Kyankwanzi)', 6, 91, 106, '775913798', '', '', '', '', '0000-00-00 00:00:00', ''),
(1118, 0, '0', 'Waibuga H/C III', 6, 97, 29, '753190506', '', '', '', '', '0000-00-00 00:00:00', ''),
(1119, 0, '0', 'Loroo H/C III', 6, 103, 94, '', '', '', '', '', '0000-00-00 00:00:00', ''),
(1120, 0, '0', 'Cheptapoyo H/C II', 5, 103, 94, '775975201', '', '', '', '', '0000-00-00 00:00:00', ''),
(1121, 0, '0', 'Kyaayi H/C III', 6, 89, 89, '757288810', '', '', '', '', '0000-00-00 00:00:00', ''),
(1122, 0, '0', 'Kakoro H/C III', 6, 79, 82, '782153309', '', '', '', '', '0000-00-00 00:00:00', ''),
(1123, 0, '0', 'Minakulu H/C III (Oyam)', 6, 77, 4, '752994325', '', '', '', '', '0000-00-00 00:00:00', ''),
(1124, 0, '0', 'Lokopo H/C III', 6, 105, 74, '753553216', '', '', '', '', '0000-00-00 00:00:00', ''),
(1125, 0, '0', 'Ober H/C III', 6, 54, 61, '', '', '', '', '', '0000-00-00 00:00:00', ''),
(1126, 0, '0', 'Kibalinga H/C III', 6, 68, 76, '705905158', '', '', '', '', '0000-00-00 00:00:00', ''),
(1127, 0, '0', 'Kyamusisi H/C III', 6, 64, 73, '776954450', '', '', '', '', '0000-00-00 00:00:00', ''),
(1128, 0, '0', 'Asamuk H/C III', 6, 4, 8, '783191692', '', '', '', '', '0000-00-00 00:00:00', ''),
(1130, 0, '0', 'St Marys H/C Kasaala', 12, 55, 63, '775596473', '', '', '', '', '0000-00-00 00:00:00', ''),
(1131, 0, '0', 'Lukaya H/C III', 6, 90, 100, '783406816', '', '', '', '', '0000-00-00 00:00:00', ''),
(1133, 0, '0', 'Kyondo H/C III', 6, 40, 37, '773980505', '', '', '', '', '0000-00-00 00:00:00', ''),
(1134, 0, '0', 'Kanamba H/C III', 6, 40, 52, '773415489', '', '', '', '', '0000-00-00 00:00:00', ''),
(1135, 0, '0', 'Karusandara H/C III', 6, 40, 52, '779457973', '', '', '', '', '0000-00-00 00:00:00', ''),
(1136, 0, '0', 'Mt Riwenzori H/C III', 6, 40, 37, '', '', '', '', '', '0000-00-00 00:00:00', ''),
(1137, 0, '0', 'Maliba H/C III', 6, 40, 52, '753139988', '', '', '', '', '0000-00-00 00:00:00', ''),
(1138, 0, '0', 'Isule H/C III', 6, 40, 52, '783813863', '', '', '', '', '0000-00-00 00:00:00', ''),
(1139, 0, '0', 'Hima Cement Clinic', 7, 40, 52, '702255365', '', '', '', '', '0000-00-00 00:00:00', ''),
(1140, 0, '0', 'Kapedo H/C III', 6, 29, 32, '785075122', '', '', '', '', '0000-00-00 00:00:00', ''),
(1141, 0, '0', 'Nyabubare H/C III', 6, 16, 19, '701195071', '', '', '', '', '0000-00-00 00:00:00', ''),
(1142, 0, '0', 'Kyotera Medical Centre', 12, 80, 83, '709230738', '', '', '', '', '0000-00-00 00:00:00', ''),
(1143, 0, '0', 'Kayogera H/C II', 5, 10, 15, '782428661', '', '', '', '', '0000-00-00 00:00:00', ''),
(1144, 0, '0', 'Tapac H/C III', 6, 65, 74, '775241847', '', '', '', '', '0000-00-00 00:00:00', ''),
(1145, 0, '0', 'Wabwoko H/C III', 6, 42, 49, '', '', '', '', '', '0000-00-00 00:00:00', ''),
(1146, 0, '0', 'Merikit H/C III', 6, 85, 95, '782307894', '', '', '', '', '0000-00-00 00:00:00', ''),
(1147, 0, '0', 'Kikamulo H/C III', 6, 71, 79, '773710558', '', '', '', '', '0000-00-00 00:00:00', ''),
(1148, 0, '0', 'Rwenzori Mountaineering Services', 12, 40, 52, '789568755', '', '', '', '', '0000-00-00 00:00:00', ''),
(1149, 0, '0', 'Wakyato H/C III', 6, 71, 79, '775330824', '', '', '', '', '0000-00-00 00:00:00', ''),
(1150, 0, '0', 'Ngoma H/C IV (Nakaseke)', 7, 71, 79, '777386117', '', '', '', '', '0000-00-00 00:00:00', ''),
(1151, 0, '0', 'Kinyogoga H/C III', 6, 71, 79, '777823384', '', '', '', '', '0000-00-00 00:00:00', ''),
(1152, 0, '0', 'Kasozi H/C III (Luwero)', 6, 55, 63, '773952579', '', '', '', '', '0000-00-00 00:00:00', ''),
(1153, 0, '0', 'Makulubita H/C III', 6, 55, 63, '704593907', '', '', '', '', '0000-00-00 00:00:00', ''),
(1154, 0, '0', 'Nakatonya H/C III', 6, 55, 63, '', '', '', '', '', '0000-00-00 00:00:00', ''),
(1155, 0, '0', 'Nattyole H/C III', 6, 55, 63, '789584455', '', '', '', '', '0000-00-00 00:00:00', ''),
(1156, 0, '0', 'Luteete H/C III (Luwero)', 6, 55, 63, '773462440', '', '', '', '', '0000-00-00 00:00:00', ''),
(1157, 0, '0', 'Holy Cross H/C III (Kikyusa)', 6, 55, 63, '783134283', '', '', '', '', '0000-00-00 00:00:00', ''),
(1158, 0, '0', 'Bukalasa H/C III', 6, 55, 63, '782951541', '', '', '', '', '0000-00-00 00:00:00', ''),
(1159, 0, '0', 'Nawanyago H/C III', 6, 36, 42, '779468841', '', '', '', '', '0000-00-00 00:00:00', ''),
(1160, 0, '0', 'Kaliro H/C IV (Kaliro)', 7, 34, 17, '', '', '', '', '', '0000-00-00 00:00:00', ''),
(1161, 0, '0', 'Wesunire H/C III', 6, 20, 51, '772074771', '', '', '', '', '0000-00-00 00:00:00', ''),
(1162, 0, '0', 'Bubambwe H/C III', 6, 28, 31, '', '', '', '', '', '0000-00-00 00:00:00', ''),
(1163, 0, '0', 'Kireku H/C III', 6, 86, 41, '', '', '', '', '', '0000-00-00 00:00:00', ''),
(1164, 0, '0', 'Aripea H/C III', 6, 7, 11, '774132977', '', '', '', '', '0000-00-00 00:00:00', ''),
(1165, 0, '0', 'Cilio H/C III', 6, 7, 11, '774362299', '', '', '', '', '0000-00-00 00:00:00', ''),
(1166, 0, '0', 'Otombari H/C III', 6, 7, 11, '', '', '', '', '', '0000-00-00 00:00:00', ''),
(1167, 0, '0', 'Inde H/C III', 6, 7, 11, '774134184', '', '', '', '', '0000-00-00 00:00:00', ''),
(1168, 0, '0', 'Oje (Mission) H/C III', 6, 7, 11, '', '', '', '', '', '0000-00-00 00:00:00', ''),
(1169, 0, '0', 'Kyamuhunga H/C III', 6, 16, 19, '704774905', '', '', '', '', '0000-00-00 00:00:00', ''),
(1170, 0, '0', 'Alwi H/C III', 6, 74, 78, '774626457', '', '', '', '', '0000-00-00 00:00:00', ''),
(1171, 0, '0', 'Kalungi H/C III (Nakasongola)', 6, 72, 77, '779510066', '', '', '', '', '0000-00-00 00:00:00', ''),
(1172, 0, '0', 'Nakapelimoru H/C III', 6, 49, 57, '757949957', '', '', '', '', '0000-00-00 00:00:00', ''),
(1174, 0, '0', 'Our Lady Of Maria Assumpta', 12, 88, 26, '778142382', '', '', '', '', '0000-00-00 00:00:00', ''),
(1175, 0, '0', 'Bweyogerere H/C III', 6, 86, 24, '782687070', '', '', '', '', '0000-00-00 00:00:00', ''),
(1176, 0, '0', 'Kirewa Community H/C III', 6, 85, 95, '779112270', '', '', '', '', '0000-00-00 00:00:00', ''),
(1177, 0, '0', 'Kakanju H/C III', 6, 16, 19, '782749848', '', '', '', '', '0000-00-00 00:00:00', ''),
(1178, 0, '0', 'Bugongi H/C III', 6, 114, 55, '', '', '', '', '', '0000-00-00 00:00:00', ''),
(1179, 0, '0', 'Kawongo H/C III', 6, 42, 49, '784074745', '', '', '', '', '0000-00-00 00:00:00', ''),
(1180, 0, '0', 'Lulagala H/C III', 6, 64, 73, '776373051', '', '', '', '', '0000-00-00 00:00:00', ''),
(1181, 0, '0', 'Katakwi Hospital', 9, 41, 47, '7780129142', '', '', '', '', '0000-00-00 00:00:00', ''),
(1182, 0, '0', 'Kabira H/C III (Mitooma)', 6, 111, 72, '751422089', '', '', '', '', '0000-00-00 00:00:00', ''),
(1183, 0, '0', 'Mirambi H/C III', 6, 93, 93, '777510067', '', '', '', '', '0000-00-00 00:00:00', ''),
(1184, 0, '0', 'Ikoba H/C III', 6, 60, 69, '701913230', '', '', '', '', '0000-00-00 00:00:00', ''),
(1185, 0, '0', 'Bushika H/C III', 6, 9, 97, '782152230', '', '', '', '', '0000-00-00 00:00:00', ''),
(1186, 0, '0', 'Nkoko H/C III', 6, 68, 76, '', '', '', '', '', '0000-00-00 00:00:00', ''),
(1188, 0, '0', 'Kyabasaija H/C III', 6, 43, 38, '787139636', '', '', '', '', '0000-00-00 00:00:00', ''),
(1190, 0, '0', 'Bujuni H/C III', 6, 68, 76, '', '', '', '', '', '0000-00-00 00:00:00', ''),
(1191, 0, '0', 'Butawaata H/C III', 6, 68, 76, '788798757', '', '', '', '', '0000-00-00 00:00:00', ''),
(1192, 0, '0', 'Soroti H/C III', 6, 84, 92, '782515470', '', '', '', '', '0000-00-00 00:00:00', ''),
(1193, 0, '0', 'Mazinga H/C III', 6, 33, 113, '752621249', '', '', '', '', '0000-00-00 00:00:00', ''),
(1194, 0, '0', 'Community H/C (Kawempe)', 12, 86, 89, '779823668', '', '', '', '', '0000-00-00 00:00:00', ''),
(1195, 0, '0', 'Bulika H/C II', 5, 69, 49, '772026320', '', '', '', '', '0000-00-00 00:00:00', ''),
(1196, 0, '0', 'Oberabic H/C II', 5, 5, 12, '774559828', '', '', '', '', '0000-00-00 00:00:00', ''),
(1197, 0, '0', 'St Matia Mulumba H/C III -Irundu(Buyende)', 6, 20, 42, '751661651', '', '', '', '', '0000-00-00 00:00:00', ''),
(1198, 0, '0', 'Orussi H/C III', 6, 74, 78, '775794960', '', '', '', '', '0000-00-00 00:00:00', ''),
(1199, 0, '0', 'Luna Medical Cetre (Katooke)', 12, 86, 24, '772480242', '', '', '', '', '0000-00-00 00:00:00', ''),
(1200, 0, '0', 'Magala H/C III', 6, 64, 73, '772867322', '', '', '', '', '0000-00-00 00:00:00', ''),
(1202, 0, '0', 'Biharwe H/C III', 6, 63, 71, '772870408', '', '', '', '', '0000-00-00 00:00:00', ''),
(1203, 0, '0', 'Kakoba Division H/C III', 6, 63, 71, '782777708', '', '', '', '', '0000-00-00 00:00:00', ''),
(1205, 0, '0', 'Rubindi H/C III', 6, 63, 71, '773474737', '', '', '', '', '0000-00-00 00:00:00', ''),
(1206, 0, '0', 'Mwizi H/C III', 6, 63, 71, '703009996', '', '', '', '', '0000-00-00 00:00:00', ''),
(1207, 0, '0', 'Mulabana H/C II', 5, 33, 113, '773309388', '', '', '', '', '0000-00-00 00:00:00', ''),
(1208, 0, '0', 'Kiti H/C III', 6, 90, 100, '700484101', '', '', '', '', '0000-00-00 00:00:00', ''),
(1209, 0, '0', 'Openzinzi H/C III', 6, 2, 6, '772545083', '', '', '', '', '0000-00-00 00:00:00', ''),
(1210, 0, '0', 'Kambaala H/C III', 6, 64, 73, '786019262', '', '', '', '', '0000-00-00 00:00:00', ''),
(1211, 0, '0', 'Emesco H/C IV', 7, 43, 38, '779531458', '', '', '', '', '0000-00-00 00:00:00', ''),
(1212, 0, '0', 'Mirembe Maria Gorreti H/C III ', 6, 68, 76, '', '', '', '', '', '0000-00-00 00:00:00', ''),
(1213, 0, '0', 'St Matia Mulumba H/C III (Mubende)', 6, 68, 46, '753908002', '', '', '', '', '0000-00-00 00:00:00', ''),
(1214, 0, '0', 'Lunyo H/C III', 6, 17, 67, '774265872', '', '', '', '', '0000-00-00 00:00:00', ''),
(1215, 0, '0', 'Masindi Army Barracks', 12, 60, 69, '', '', '', '', '', '0000-00-00 00:00:00', ''),
(1216, 0, '0', 'Field Artilary Army Barracks H/C IV', 12, 60, 69, '774777675', '', '', '', '', '0000-00-00 00:00:00', ''),
(1217, 0, '0', 'Katulikire H/C III', 6, 110, 53, '705378343', '', '', '', '', '0000-00-00 00:00:00', ''),
(1219, 0, '0', 'Puranga H/C III', 6, 78, 39, '789736161', '', '', '', '', '0000-00-00 00:00:00', ''),
(1220, 0, '0', 'Ntenjeru H/C III', 6, 42, 49, '782421768', '', '', '', '', '0000-00-00 00:00:00', ''),
(1221, 0, '0', 'Maaji A H/C II', 5, 2, 6, '775990577', '', '', '', '', '0000-00-00 00:00:00', ''),
(1222, 0, '0', 'Epi Centre H/C IV (Butambala)', 7, 88, 26, '757895866', '', '', '', '', '0000-00-00 00:00:00', ''),
(1223, 0, '0', 'Engari Community H/C', 12, 45, 86, '784835251', '', '', '', '', '0000-00-00 00:00:00', ''),
(1224, 0, '0', 'Buteba H/C III', 6, 17, 67, '782014159', '', '', '', '', '0000-00-00 00:00:00', ''),
(1225, 0, '0', 'Katovu H/C III', 6, 92, 115, '784077699', '', '', '', '', '0000-00-00 00:00:00', ''),
(1226, 0, '0', 'Kapujan H/C III', 6, 41, 47, '774578147', '', '', '', '', '0000-00-00 00:00:00', ''),
(1227, 0, '0', 'Okwang H/C III', 6, 107, 61, '', '', '', '', '', '0000-00-00 00:00:00', ''),
(1228, 0, '0', 'Nyarugoote H/C II', 5, 16, 19, '782452313', '', '', '', '', '0000-00-00 00:00:00', ''),
(1229, 0, '0', 'Kashambya H/C III', 6, 30, 33, '771681090', '', '', '', '', '0000-00-00 00:00:00', ''),
(1230, 0, '0', 'Nyakagyeme H/C III', 6, 81, 81, '782668019', '', '', '', '', '0000-00-00 00:00:00', ''),
(1231, 0, '0', 'Kibirizi H/C III', 6, 81, 81, '787061113', '', '', '', '', '0000-00-00 00:00:00', ''),
(1232, 0, '0', 'Kagongi H/C III', 6, 63, 71, '774615891', '', '', '', '', '0000-00-00 00:00:00', ''),
(1233, 0, '0', 'Ndeija H/C III', 6, 63, 71, '773562161', '', '', '', '', '0000-00-00 00:00:00', ''),
(1235, 0, '0', 'Uganda Muslim Supreme Council H/C III', 6, 64, 73, '782030633', '', '', '', '', '0000-00-00 00:00:00', ''),
(1236, 0, '0', 'Kaharo H/C III', 6, 30, 33, '702852095', '', '', '', '', '0000-00-00 00:00:00', ''),
(1237, 0, '0', 'Kabale H/C III (Kalungu)', 6, 90, 100, '704570573', '', '', '', '', '0000-00-00 00:00:00', ''),
(1238, 0, '0', 'Namaggwa Clinic', 12, 55, 63, '782136403', '', '', '', '', '0000-00-00 00:00:00', ''),
(1239, 0, '0', 'Mudakori H/C III', 6, 85, 95, '0772/0702440973', '', '', '', '', '0000-00-00 00:00:00', ''),
(1240, 0, '0', 'Metu H/C III', 6, 66, 75, '782204645', '', '', '', '', '0000-00-00 00:00:00', ''),
(1241, 0, '0', 'Kyenjojo Hospital', 9, 52, 60, '782972895', '', '', '', '', '0000-00-00 00:00:00', ''),
(1242, 0, '0', 'Kaihura Villa Maria H/C II', 5, 52, 60, '785103555', '', '', '', '', '0000-00-00 00:00:00', ''),
(1243, 0, '0', 'St Martin H/C III -Mabira (Kyenjojo)', 6, 52, 60, '771414700', '', '', '', '', '0000-00-00 00:00:00', ''),
(1244, 0, '0', 'Kisozi H/C III', 6, 89, 89, '703270227', '', '', '', '', '0000-00-00 00:00:00', ''),
(1245, 0, '0', 'Mitandi H/C III (NGO)', 6, 31, 25, '777637040', '', '', '', '', '0000-00-00 00:00:00', ''),
(1246, 0, '0', 'Bufunjo H/C III', 6, 52, 60, '703918802', '', '', '', '', '0000-00-00 00:00:00', ''),
(1247, 0, '0', 'Ntonwa H/C II', 5, 37, 101, '772976181', '', '', '', '', '0000-00-00 00:00:00', ''),
(1248, 0, '0', 'Bukanga H/C III', 6, 97, 29, '773549059', '', '', '', '', '0000-00-00 00:00:00', ''),
(1249, 0, '0', 'Nyakishenyi H/C III', 6, 81, 81, '774231659', '', '', '', '', '0000-00-00 00:00:00', ''),
(1250, 0, '0', 'Aakum H/C II', 5, 41, 47, '773010075', '', '', '', '', '0000-00-00 00:00:00', ''),
(1251, 0, '0', 'Akoboi H/C II (katakwi)', 5, 41, 47, '775429485', '', '', '', '', '0000-00-00 00:00:00', ''),
(1252, 0, '0', 'Kobulubulu H/C III ', 6, 32, 34, '753350409', '', '', '', '', '0000-00-00 00:00:00', ''),
(1254, 0, '0', 'Ndama H/C III', 6, 81, 81, '782715894', '', '', '', '', '0000-00-00 00:00:00', ''),
(1255, 0, '0', 'Kibibi Nursing Home H/C III', 6, 88, 26, '782080267', '', '', '', '', '0000-00-00 00:00:00', ''),
(1256, 0, '0', 'Butende H/C III', 6, 59, 68, '775776565', '', '', '', '', '0000-00-00 00:00:00', ''),
(1257, 0, '0', 'Buwunga H/C III (Bugiri)', 6, 10, 15, '784904850', '', '', '', '', '0000-00-00 00:00:00', ''),
(1258, 0, '0', 'Kameke H/C III', 6, 79, 82, '756720664', '', '', '', '', '0000-00-00 00:00:00', ''),
(1259, 0, '0', 'Muramba H/C III', 6, 46, 54, '781557742', '', '', '', '', '0000-00-00 00:00:00', ''),
(1260, 0, '0', 'Kinanira H/C III', 6, 46, 54, '773337826', '', '', '', '', '0000-00-00 00:00:00', ''),
(1261, 0, '0', 'Nyarusiza H/C III', 6, 46, 54, '773258770', '', '', '', '', '0000-00-00 00:00:00', ''),
(1262, 0, '0', 'Kasozi H/C III (Wakiso)', 6, 86, 89, '782740565', '', '', '', '', '0000-00-00 00:00:00', ''),
(1263, 0, '0', 'Busowobi H/C III', 6, 26, 29, '783900263', '', '', '', '', '0000-00-00 00:00:00', ''),
(1264, 0, '0', 'Rugyeyo H/C III', 6, 38, 43, '772950155', '', '', '', '', '0000-00-00 00:00:00', ''),
(1265, 0, '0', 'North Kigezi Diocese M C H/C IV', 7, 81, 81, '776123652', '', '', '', '', '0000-00-00 00:00:00', ''),
(1266, 0, '0', 'Bugangari H/C IV', 7, 81, 81, '782473508', '', '', '', '', '0000-00-00 00:00:00', ''),
(1268, 0, '0', 'Mushanga H/C III', 6, 114, 55, '782793329', '', '', '', '', '0000-00-00 00:00:00', ''),
(1269, 0, '0', 'Rwenjaza H/C II', 5, 37, 101, '777841148', '', '', '', '', '0000-00-00 00:00:00', ''),
(1270, 0, '0', 'Stella Maris H/C II', 5, 112, 18, '781266562', '', '', '', '', '0000-00-00 00:00:00', ''),
(1271, 0, '0', 'Mwenge Estate Clinic', 12, 52, 60, '787365791', '', '', '', '', '0000-00-00 00:00:00', ''),
(1273, 0, '0', 'Buwooya H/C III', 6, 19, 49, '776147873', '', '', '', '', '0000-00-00 00:00:00', ''),
(1274, 0, '0', 'Bison H/C III', 6, 85, 95, '779958793', '', '', '', '', '0000-00-00 00:00:00', ''),
(1275, 0, '0', 'Bufundi H/C III', 6, 30, 33, '', '', '', '', '', '0000-00-00 00:00:00', ''),
(1276, 0, '0', 'Bwambara H/C III', 6, 81, 81, '782741062', '', '', '', '', '0000-00-00 00:00:00', ''),
(1277, 0, '0', 'Butanda H/C III', 6, 30, 33, '782272686', '', '', '', '', '0000-00-00 00:00:00', ''),
(1278, 0, '0', 'Kiyeyi H/C III', 6, 85, 95, '703565790', '', '', '', '', '0000-00-00 00:00:00', ''),
(1280, 0, '0', 'Buwa H/C II', 5, 104, 61, '782190949', '', '', '', '', '0000-00-00 00:00:00', ''),
(1281, 0, '0', 'MJAP-MMC  H/C IV', 7, 63, 71, '755553193', '', '', '', '', '0000-00-00 00:00:00', ''),
(1282, 0, '0', 'Pakadha H/C III', 6, 108, 78, '773953411', '', '', '', '', '0000-00-00 00:00:00', ''),
(1283, 0, '0', 'Offaka H/C III', 6, 7, 11, '772611344', '', '', '', '', '0000-00-00 00:00:00', ''),
(1284, 0, '0', 'Buyanja H/C III (Mpigi)', 6, 67, 26, '772938435', '', '', '', '', '0000-00-00 00:00:00', ''),
(1285, 0, '0', 'Kanyamwirima H/C III', 6, 15, 18, '777364670', '', '', '', '', '0000-00-00 00:00:00', ''),
(1286, 0, '0', 'Mitala Maria H/C III', 6, 67, 26, '784171268', '', '', '', '', '0000-00-00 00:00:00', ''),
(1287, 0, '0', 'Buhanika H/C III', 6, 24, 28, '774304731', '', '', '', '', '0000-00-00 00:00:00', ''),
(1288, 0, '0', 'Namatala H/C IV', 7, 62, 70, '779832509', '', '', '', '', '0000-00-00 00:00:00', ''),
(1289, 0, '0', 'Isibuka H/C III', 6, 27, 87, '785843285', '', '', '', '', '0000-00-00 00:00:00', ''),
(1290, 0, '0', 'Kabugu H/C II', 5, 27, 87, '', '', '', '', '', '0000-00-00 00:00:00', ''),
(1291, 0, '0', 'Kibengo H/C II', 5, 27, 87, '788528932', '', '', '', '', '0000-00-00 00:00:00', ''),
(1292, 0, '0', 'Sanga H/C III', 6, 45, 86, '777086003', '', '', '', '', '0000-00-00 00:00:00', ''),
(1293, 0, '0', 'Kashongi H/C III', 6, 45, 86, '704492278', '', '', '', '', '0000-00-00 00:00:00', ''),
(1294, 0, '0', 'Ankole Tea H/C II', 5, 16, 19, '705954346', '', '', '', '', '0000-00-00 00:00:00', ''),
(1295, 0, '0', 'Juru H/C II', 5, 27, 87, '773832296', '', '', '', '', '0000-00-00 00:00:00', ''),
(1296, 0, '0', 'Iremera H/C III', 6, 46, 33, '775578333', '', '', '', '', '0000-00-00 00:00:00', ''),
(1297, 0, '0', 'Gasovu H/C III', 6, 46, 54, '783472944', '', '', '', '', '0000-00-00 00:00:00', ''),
(1298, 0, '0', 'Hope Clinic Lukuli', 12, 35, 41, '785037971', '', '', '', '', '0000-00-00 00:00:00', ''),
(1299, 0, '0', 'Nyantaboma H/C III', 6, 31, 25, '775106042', '', '', '', '', '0000-00-00 00:00:00', ''),
(1300, 0, '0', 'Hope Again Medical Centre (Kyenjojo)', 12, 52, 60, '783030068', '', '', '', '', '0000-00-00 00:00:00', ''),
(1301, 0, '0', 'Bujumbura H/C III', 6, 24, 28, '775580123', '', '', '', '', '0000-00-00 00:00:00', ''),
(1302, 0, '0', 'Nyakayojo H/C III', 6, 63, 71, '750405263', '', '', '', '', '0000-00-00 00:00:00', ''),
(1303, 0, '0', 'Nsambya Home Care', 12, 35, 41, '782946608', '', '', '', '', '0000-00-00 00:00:00', ''),
(1304, 0, '0', 'Loputuk H/C III', 6, 65, 74, '774509752', '', '', '', '', '0000-00-00 00:00:00', ''),
(1305, 0, '0', 'Wandi H/C III', 6, 7, 11, '779910186', '', '', '', '', '0000-00-00 00:00:00', ''),
(1306, 0, '0', 'Kuchinjaji H/C III', 6, 84, 92, '717319981', '', '', '', '', '0000-00-00 00:00:00', ''),
(1307, 0, '0', 'Kasambya H/C III (Kalungu)', 6, 90, 100, '753126432', '', '', '', '', '0000-00-00 00:00:00', ''),
(1308, 0, '0', 'Opia H/C III', 6, 7, 11, '777205160', '', '', '', '', '0000-00-00 00:00:00', ''),
(1309, 0, '0', 'Burombe H/C III', 6, 81, 81, '392859470', '', '', '', '', '0000-00-00 00:00:00', ''),
(1310, 0, '0', 'Busaru H/C IV', 7, 15, 18, '777124443', '', '', '', '', '0000-00-00 00:00:00', ''),
(1311, 0, '0', 'Rushoroza H/C III', 6, 30, 33, '788705556', '', '', '', '', '0000-00-00 00:00:00', ''),
(1312, 0, '0', 'Tegeres H/C III', 6, 39, 44, '704079686', '', '', '', '', '0000-00-00 00:00:00', ''),
(1313, 0, '0', 'Mengo Hospital Counselling & HomeCare', 12, 35, 41, '779174935', '', '', '', '', '0000-00-00 00:00:00', ''),
(1314, 0, '0', 'Butemba H/C III', 6, 91, 106, '782258255', '', '', '', '', '0000-00-00 00:00:00', ''),
(1315, 0, '0', 'Lubya H/C II', 5, 19, 49, '775359981', '', '', '', '', '0000-00-00 00:00:00', ''),
(1316, 0, '0', 'Katwe H/C III (Kiboga)', 6, 44, 50, '784751968', '', '', '', '', '0000-00-00 00:00:00', ''),
(1317, 0, '0', 'Bwikara H/C III', 6, 43, 36, '779037385', '', '', '', '', '0000-00-00 00:00:00', ''),
(1318, 0, '0', 'St Jacinta H/C III', 6, 64, 73, '784784764', '', '', '', '', '0000-00-00 00:00:00', ''),
(1319, 0, '0', 'Ntandi H/C III', 6, 15, 18, '782658738', '', '', '', '', '0000-00-00 00:00:00', ''),
(1320, 0, '0', 'Lolachat H/C III', 6, 70, 94, '779287502', '', '', '', '', '0000-00-00 00:00:00', ''),
(1321, 0, '0', 'Kyanamira H/C III', 6, 30, 33, '777544747', '', '', '', '', '0000-00-00 00:00:00', ''),
(1322, 0, '0', 'AIDS Information Centre (Soroti)', 12, 84, 92, '782568048', '', '', '', '', '0000-00-00 00:00:00', ''),
(1323, 0, '0', 'Rwenshama H/C III', 6, 81, 81, '782663275', '', '', '', '', '0000-00-00 00:00:00', ''),
(1324, 0, '0', 'Aketa H/C III', 6, 41, 47, '774353570', '', '', '', '', '0000-00-00 00:00:00', ''),
(1325, 0, '0', 'Nkokonjeru  H/C III (Kayunga)', 6, 42, 49, '782649498', '', '', '', '', '0000-00-00 00:00:00', ''),
(1326, 0, '0', 'Nakifuma H/C III', 6, 69, 49, '782973510', '', '', '', '', '0000-00-00 00:00:00', ''),
(1327, 0, '0', 'Kimenyedde H/C II', 5, 69, 49, '703914568', '', '', '', '', '0000-00-00 00:00:00', ''),
(1328, 0, '0', 'Ntoroko H/C III (Ntoroko)', 6, 112, 18, '773651028', '', '', '', '', '0000-00-00 00:00:00', ''),
(1329, 0, '0', 'Burere H/C III', 6, 109, 80, '776303135', '', '', '', '', '0000-00-00 00:00:00', ''),
(1330, 0, '0', 'Kamuhunga H/C IV', 7, 16, 19, '706768213', '', '', '', '', '0000-00-00 00:00:00', ''),
(1331, 0, '0', 'Orivu H/C II', 5, 7, 11, '784325737', '', '', '', '', '0000-00-00 00:00:00', ''),
(1332, 0, '0', 'Bileafe H/C III', 6, 7, 11, '773169512', '', '', '', '', '0000-00-00 00:00:00', ''),
(1333, 0, '0', 'CBHA-USAID RHU Project -Kabale', 12, 30, 33, '700390172', '', '', '', '', '0000-00-00 00:00:00', ''),
(1334, 0, '0', 'Mukabara H/C III', 6, 24, 28, '779428429', '', '', '', '', '0000-00-00 00:00:00', ''),
(1335, 0, '0', 'Kamod H/C II', 5, 100, 90, '774554005', '', '', '', '', '0000-00-00 00:00:00', ''),
(1338, 0, '0', 'St Peters H/C II', 5, 23, 27, '779754582', '', '', '', '', '0000-00-00 00:00:00', ''),
(1340, 0, '0', 'Kanywambogo H/C III', 6, 25, 85, '774437949', '', '', '', '', '0000-00-00 00:00:00', ''),
(1341, 0, '0', 'Magoro H/C III', 6, 41, 47, '781560419', '', '', '', '', '0000-00-00 00:00:00', ''),
(1342, 0, '0', 'Ngariam H/C III', 6, 41, 47, '787454838', '', '', '', '', '0000-00-00 00:00:00', ''),
(1344, 0, '0', 'Nyakashashara H/C III', 6, 45, 86, '777578374', '', '', '', '', '0000-00-00 00:00:00', ''),
(1345, 0, '0', 'Kisiizi  H/C III', 6, 81, 81, '772654749', '', '', '', '', '0000-00-00 00:00:00', ''),
(1347, 0, '0', 'Maria Assumpta', 12, 88, 26, '771868759', '', '', '', '', '0000-00-00 00:00:00', ''),
(1348, 0, '0', 'Sanyu Dom Service', 12, 67, 26, '782189824', '', '', '', '', '0000-00-00 00:00:00', ''),
(1349, 0, '0', 'PNC (Baylor-Mulago)', 12, 35, 41, '775135977', '', '', '', '', '0000-00-00 00:00:00', ''),
(1350, 0, '0', 'Kasaali  H/C III', 6, 80, 83, '782581121', '', '', '', '', '0000-00-00 00:00:00', ''),
(1351, 0, '0', 'Mutukula H/C III', 6, 80, 83, '702153292', '', '', '', '', '0000-00-00 00:00:00', ''),
(1352, 0, '0', 'Kichinjaji  H/C  III', 6, 84, 92, '775844853', '', '', '', '', '0000-00-00 00:00:00', ''),
(1353, 0, '0', 'Kagano  H/C   III', 6, 46, 54, '787782378', '', '', '', '', '0000-00-00 00:00:00', ''),
(1354, 0, '0', 'Kidetok Mission H/C III', 6, 100, 90, '7755237160', '', '', '', '', '0000-00-00 00:00:00', ''),
(1355, 0, '0', 'Kaberamaido Catholic H/C III', 6, 32, 34, '779183236', '', '', '', '', '0000-00-00 00:00:00', ''),
(1356, 0, '0', 'Apopong  H/C  III', 5, 79, 82, '777603058', '', '', '', '', '0000-00-00 00:00:00', ''),
(1357, 0, '0', 'Acowa  H/C  III', 6, 4, 8, '773416892', '', '', '', '', '0000-00-00 00:00:00', ''),
(1358, 0, '0', 'Acumet  H/C   III', 6, 4, 8, '', '', '', '', '', '0000-00-00 00:00:00', ''),
(1359, 0, '0', 'Hunter  Foundation  Hospital', 9, 16, 19, '0751977464/070335122', '', '', '', '', '0000-00-00 00:00:00', ''),
(1360, 0, '0', 'Rugarama H/C III', 6, 75, 30, '775445801', '', '', '', '', '0000-00-00 00:00:00', ''),
(1361, 0, '0', 'Anyiribu H/C III  ', 6, 7, 11, '784494108', '', '', '', '', '0000-00-00 00:00:00', ''),
(1362, 0, '0', 'Kikatsi H/C III', 6, 45, 86, '782840099', '', '', '', '', '0000-00-00 00:00:00', ''),
(1365, 0, '0', 'Lopeei H/C III', 6, 105, 74, '784502424', '', '', '', '', '0000-00-00 00:00:00', ''),
(1366, 0, '0', 'Ntungu H/C II', 5, 27, 87, '753540667', '', '', '', '', '0000-00-00 00:00:00', ''),
(1367, 0, '0', 'Rackoko H/C III', 6, 78, 107, '777003811', '', '', '', '', '0000-00-00 00:00:00', ''),
(1369, 0, '0', '', 2, 0, 1, '', '', '', '', '', '0000-00-00 00:00:00', ''),
(1370, 0, '0', 'Reproductive Health Uganda (Lira)', 12, 54, 61, '788900286', '', '', '', '', '0000-00-00 00:00:00', ''),
(1371, 0, '0', 'Reproductive Health Uganda (Hoima)', 12, 24, 28, '', '', '', '', '', '0000-00-00 00:00:00', ''),
(1372, 0, '0', 'Bondo H/C III', 6, 7, 11, '777627975', '', '', '', '', '0000-00-00 00:00:00', ''),
(1373, 0, '0', 'Kabarwa   H/C  III', 6, 12, 13, '752849976', '', '', '', '', '0000-00-00 00:00:00', ''),
(1374, 0, '0', 'Kikandwa  H/C  III', 6, 64, 73, '774831073', '', '', '', '', '0000-00-00 00:00:00', ''),
(1375, 0, '0', 'Kikokwa  H/C   III', 6, 27, 87, '702340590', '', '', '', '', '0000-00-00 00:00:00', ''),
(1378, 0, '0', 'Bowagajjo H/C III', 6, 11, 48, '0783289055/075281372', '', '', '', '', '0000-00-00 00:00:00', ''),
(1379, 0, '0', 'Buchanagandi H/C III', 6, 95, 82, '772388939', '', '', '', '', '0000-00-00 00:00:00', ''),
(1380, 0, '0', 'Kisule H/C III', 6, 55, 63, '753691775', '', '', '', '', '0000-00-00 00:00:00', ''),
(1381, 0, '0', 'Bwikinda   H/C III', 6, 30, 33, '703832444', '', '', '', '', '0000-00-00 00:00:00', ''),
(1382, 0, '0', 'Karuhembe H/C II', 5, 81, 81, '772469607', '', '', '', '', '0000-00-00 00:00:00', ''),
(1383, 0, '0', 'Buteza H/C III', 6, 83, 114, '777269814', '', '', '', '', '0000-00-00 00:00:00', ''),
(1384, 0, '0', 'Lulamba H/C III', 6, 33, 113, '782318061', '', '', '', '', '0000-00-00 00:00:00', ''),
(1385, 0, '0', 'Mugoye H/C III', 6, 33, 113, '782026552', '', '', '', '', '0000-00-00 00:00:00', ''),
(1386, 0, '0', 'Bubeke H/C III', 6, 33, 113, '706492023', '', '', '', '', '0000-00-00 00:00:00', ''),
(1387, 0, '0', 'Tirinyi H/C III', 6, 95, 82, '782147786', '', '', '', '', '0000-00-00 00:00:00', ''),
(1388, 0, '0', 'Zumbo H/C III', 6, 108, 78, '783794644', '', '', '', '', '0000-00-00 00:00:00', ''),
(1390, 0, '0', 'Kanywamaizi H/C III', 6, 27, 87, '774437949', '', '', '', '', '0000-00-00 00:00:00', ''),
(1391, 0, '0', 'Kyankwanzi H/C III', 6, 91, 106, '782921669', '', '', '', '', '0000-00-00 00:00:00', ''),
(1392, 0, '0', 'Burunga H/C III', 6, 45, 86, '785357186', '', '', '', '', '0000-00-00 00:00:00', ''),
(1393, 0, '0', 'Karambi H/C III (Kabarole)', 6, 31, 25, '779088450', '', '', '', '', '0000-00-00 00:00:00', ''),
(1394, 0, '0', 'Kacheera H/C III', 6, 80, 83, '783782379', '', '', '', '', '0000-00-00 00:00:00', ''),
(1395, 0, '0', 'Hima  Govt H/C III', 6, 40, 37, '774118384', '', '', '', '', '0000-00-00 00:00:00', ''),
(1396, 0, '0', 'St Joseph Hospital (Maracha)', 9, 58, 11, '782495092', '', '', '', '', '0000-00-00 00:00:00', ''),
(1397, 0, '0', '', 1, 0, 1, '', '', '', '', '', '0000-00-00 00:00:00', ''),
(1398, 0, '0', 'Kashare H/C III', 6, 63, 71, '773147700', '', '', '', '', '0000-00-00 00:00:00', ''),
(1399, 0, '0', 'Kahunde H/c II', 5, 43, 36, '781682059', '', '', '', '', '0000-00-00 00:00:00', ''),
(1400, 0, '0', 'Kiryanga H/C III', 6, 43, 38, '783271188', '', '', '', '', '0000-00-00 00:00:00', ''),
(1401, 0, '0', 'Muhoro H/C III', 6, 43, 36, '', '', '', '', '', '0000-00-00 00:00:00', ''),
(1402, 0, '0', 'Pakanyi H/C III', 6, 60, 69, '773022229', '', '', '', '', '0000-00-00 00:00:00', ''),
(1403, 0, '0', 'Nyarubuye H/C III', 6, 46, 54, '775116345', '', '', '', '', '0000-00-00 00:00:00', ''),
(1404, 0, '0', 'Kolonyi Hospital', 9, 62, 70, '783426583', '', '', '', '', '0000-00-00 00:00:00', ''),
(1405, 0, '0', 'Busitema H/C III', 6, 17, 67, '782416956', '', '', '', '', '0000-00-00 00:00:00', ''),
(1407, 0, '0', 'Buluganya H/C III', 6, 94, 44, '779601907', '', '', '', '', '0000-00-00 00:00:00', ''),
(1408, 0, '0', '', 2, 0, 1, '', '', '', '', '', '0000-00-00 00:00:00', ''),
(1409, 0, '0', 'Karwenyi H/C II', 5, 51, 58, '775119923', '', '', '', '', '0000-00-00 00:00:00', ''),
(1410, 0, '0', 'Kalamba H/C II', 5, 88, 26, '776192760', '', '', '', '', '0000-00-00 00:00:00', ''),
(1411, 0, '0', 'Chebonet H/C III', 6, 39, 44, '77933588', '', '', '', '', '0000-00-00 00:00:00', ''),
(1413, 0, '0', 'Padwot Midyere H/C III', 6, 74, 78, '783794644', '', '', '', '', '0000-00-00 00:00:00', ''),
(1414, 0, '0', 'CBHA -USAID Project (RHU)- Kanungu', 12, 38, 43, '782571348', '', '', '', '', '0000-00-00 00:00:00', ''),
(1415, 0, '0', 'Alenga H/C III', 6, 6, 4, '752238402', '', '', '', '', '0000-00-00 00:00:00', ''),
(1416, 0, '0', 'Obalanga H/C III', 6, 4, 8, '755986656', '', '', '', '', '0000-00-00 00:00:00', ''),
(1419, 0, '0', 'Bwendero H/C III', 6, 33, 113, '782840049', '', '', '', '', '0000-00-00 00:00:00', ''),
(1420, 0, '0', 'Karita H/C III (Amudat)', 6, 103, 94, '781762787', '', '', '', '', '0000-00-00 00:00:00', ''),
(1421, 0, '0', 'Butare H/C III(Buhweju)', 6, 109, 80, '789392890', '', '', '', '', '0000-00-00 00:00:00', ''),
(1422, 0, '0', 'Chesower H/C III', 6, 13, 44, '777252116', '', '', '', '', '0000-00-00 00:00:00', ''),
(1424, 0, '0', 'Kakomo H/C III', 6, 30, 33, '779010578', '', '', '', '', '0000-00-00 00:00:00', ''),
(1425, 0, '0', 'Buyanja H/C III (Rukungiri)', 6, 81, 81, '', '', '', '', '', '0000-00-00 00:00:00', ''),
(1426, 0, '0', 'JOY Medical Centre', 12, 35, 41, '775348765', '', '', '', '', '0000-00-00 00:00:00', ''),
(1427, 0, '0', 'Dranya H/C III', 6, 48, 11, '782667177', '', '', '', '', '0000-00-00 00:00:00', ''),
(1428, 0, '0', 'Dricile H/C III', 6, 48, 11, '775086109', '', '', '', '', '0000-00-00 00:00:00', ''),
(1430, 0, '0', 'Mariana Maternity Home', 12, 55, 63, '', '', '', '', '', '0000-00-00 00:00:00', ''),
(1431, 0, '0', 'Makondo H/C II', 5, 92, 115, '785833640', '', '', '', '', '0000-00-00 00:00:00', ''),
(1432, 0, '0', 'Kameruka H/C III', 6, 8, 70, '783248396', '', '', '', '', '0000-00-00 00:00:00', ''),
(1433, 0, '0', 'Katunguru H/C III (Kasese)', 6, 40, 37, '779929113', '', '', '', '', '0000-00-00 00:00:00', ''),
(1434, 0, '0', 'Marah H/C III', 6, 8, 70, '782495092', '', '', '', '', '0000-00-00 00:00:00', ''),
(1435, 0, '0', 'Rubondo H/C II', 5, 27, 87, '774845808', '', '', '', '', '0000-00-00 00:00:00', ''),
(1436, 0, '0', 'Angal Hospital (St Luke)', 9, 74, 78, '774943778', '', '', '', '', '0000-00-00 00:00:00', ''),
(1437, 0, '0', 'Kicwamba H/C III', 6, 113, 84, '782763676', '', '', '', '', '0000-00-00 00:00:00', ''),
(1438, 0, '0', 'Ikonia H/C III', 6, 97, 29, '779486179', '', '', '', '', '0000-00-00 00:00:00', ''),
(1439, 0, '0', 'Mbehenyi H/C III', 6, 17, 67, '', '', '', '', '', '0000-00-00 00:00:00', ''),
(1440, 0, '0', 'Kasenda H/C III', 6, 31, 25, '700714323', '', '', '', '', '0000-00-00 00:00:00', ''),
(1441, 0, '0', 'Oraba H/C II', 5, 48, 11, '793996672', '', '', '', '', '0000-00-00 00:00:00', ''),
(1442, 0, '0', 'Buwalasi H/C III', 6, 83, 114, '772453391', '', '', '', '', '0000-00-00 00:00:00', ''),
(1443, 0, '0', 'Mawujjo H/C II', 5, 68, 76, '775477608', '', '', '', '', '0000-00-00 00:00:00', ''),
(1444, 0, '0', 'Kinoni H/C III (Kiruhura)', 6, 45, 86, '784673609', '', '', '', '', '0000-00-00 00:00:00', ''),
(1445, 0, '0', 'Bulangira H/C III', 6, 95, 82, '774206402', '', '', '', '', '0000-00-00 00:00:00', ''),
(1446, 0, '0', 'Kanyaryeru H/C III', 6, 45, 71, '782185442', '', '', '', '', '0000-00-00 00:00:00', ''),
(1447, 0, '0', 'Kikonda H/C III', 6, 91, 106, '773095756', '', '', '', '', '0000-00-00 00:00:00', ''),
(1448, 0, '0', 'Kadama H/C III', 6, 95, 82, '757511949', '', '', '', '', '0000-00-00 00:00:00', ''),
(1449, 0, '0', '', 1, 0, 1, '', '', '', '', '', '0000-00-00 00:00:00', ''),
(1450, 0, '0', 'Jangokoro H/C III', 6, 108, 78, '784498604', '', '', '', '', '0000-00-00 00:00:00', ''),
(1451, 0, '0', 'Lambu H/C II', 5, 59, 68, '776342034', '', '', '', '', '0000-00-00 00:00:00', ''),
(1452, 0, '0', 'Cheptuya H/C III', 6, 39, 44, '701659969', '', '', '', '', '0000-00-00 00:00:00', ''),
(1453, 0, '0', 'TASO Entebbe', 12, 86, 24, '752812084', '', '', '', '', '0000-00-00 00:00:00', ''),
(1454, 0, '0', 'Omel H/C II', 5, 23, 27, '773957701', '', '', '', '', '0000-00-00 00:00:00', ''),
(1455, 0, '0', 'Bugaya H/C III (Buyende)', 6, 20, 51, '753404721', '', '', '', '', '0000-00-00 00:00:00', ''),
(1456, 0, '0', 'Dino H/C II', 5, 23, 27, '772949356', '', '', '', '', '0000-00-00 00:00:00', ''),
(1457, 0, '0', 'Kyarumba H/C III (Government)', 6, 40, 37, '783653013', '', '', '', '', '0000-00-00 00:00:00', ''),
(1458, 0, '0', 'Naboa H/C III', 6, 8, 70, '782310948', '', '', '', '', '0000-00-00 00:00:00', ''),
(1459, 0, '0', 'Amaler H/C III', 6, 70, 94, '777851634', '', '', '', '', '0000-00-00 00:00:00', ''),
(1460, 0, '0', 'Kyakatara H/C III', 6, 52, 60, '775777869', '', '', '', '', '0000-00-00 00:00:00', ''),
(1461, 0, '0', 'Kichwamba H/C III (Rubirizi)', 6, 113, 84, '772831110', '', '', '', '', '0000-00-00 00:00:00', ''),
(1462, 0, '0', 'Health Initiative for Africa (BMC)', 12, 11, 48, '777040536', '', '', '', '', '0000-00-00 00:00:00', ''),
(1463, 0, '0', 'Makenke H/C IV', 7, 63, 71, '702077202', '', '', '', '', '0000-00-00 00:00:00', ''),
(1464, 0, '0', 'Kyatiri H/C III', 6, 60, 69, '772370508', '', '', '', '', '0000-00-00 00:00:00', ''),
(1465, 0, '0', 'Kabatunda H/C III', 6, 40, 52, '777308162', '', '', '', '', '0000-00-00 00:00:00', ''),
(1466, 0, '0', 'Galimagi H/C III', 6, 79, 82, '788022411', '', '', '', '', '0000-00-00 00:00:00', ''),
(1467, 0, '0', 'Kida Hospital', 9, 31, 25, '779776333', '', '', '', '', '0000-00-00 00:00:00', ''),
(1468, 0, '0', 'Nyakitibwa H/C III', 6, 60, 69, '', '', '', '', '', '0000-00-00 00:00:00', ''),
(1469, 0, '0', 'Pakia H/C III', 6, 74, 78, '787148565', '', '', '', '', '0000-00-00 00:00:00', ''),
(1470, 0, '0', 'St Anthony Hospital', 9, 85, 95, '788486600', '', '', '', '', '0000-00-00 00:00:00', ''),
(1471, 0, '0', 'Loyo Ajonga H/C II', 5, 23, 27, '', '', '', '', '', '0000-00-00 00:00:00', ''),
(1472, 0, '0', 'Nurture  Africa H/C III', 6, 86, 41, '777335365', '', '', '', '', '0000-00-00 00:00:00', ''),
(1473, 0, '0', 'Kwapa H/C III', 6, 85, 95, '753663517', '', '', '', '', '0000-00-00 00:00:00', ''),
(1474, 0, '0', 'Kisojo H/C II (Kasese)', 5, 40, 37, '772920134', '', '', '', '', '0000-00-00 00:00:00', ''),
(1475, 0, '0', 'Bukwo General Hospital', 9, 13, 44, '753900412', '', '', '', '', '0000-00-00 00:00:00', ''),
(1480, 0, '0', 'St Andrew H/C II', 5, 106, 10, '755162506', '', '', '', '', '0000-00-00 00:00:00', ''),
(1481, 0, '0', 'Kakatunda H/C III', 6, 30, 33, '783943467', '', '', '', '', '0000-00-00 00:00:00', ''),
(1482, 0, '0', 'Kinyarugunjo H/C III', 6, 43, 36, '78780608', '', '', '', '', '0000-00-00 00:00:00', ''),
(1483, 0, '0', 'Makonzi H/C III', 6, 64, 73, '774220141', '', '', '', '', '0000-00-00 00:00:00', ''),
(1484, 0, '0', 'Biiso H/C III', 6, 14, 16, '788775339', '', '', '', '', '0000-00-00 00:00:00', ''),
(1485, 0, '0', 'FICRD', 12, 54, 61, '787079947', '', '', '', '', '0000-00-00 00:00:00', ''),
(1486, 0, '0', 'Wekomiire H/C III (St Thereza)', 6, 51, 58, '788037431', '', '', '', '', '0000-00-00 00:00:00', ''),
(1487, 0, '0', 'Palorinya H/C III', 6, 66, 75, '753910286', '', '', '', '', '0000-00-00 00:00:00', ''),
(1488, 0, '0', 'St Francis C H/C III (HOSFA)- Mityana', 6, 64, 73, '779492379', '', '', '', '', '0000-00-00 00:00:00', ''),
(1489, 0, '0', 'Kukewa H/C III', 6, 57, 95, '', '', '', '', '', '0000-00-00 00:00:00', ''),
(1490, 0, '0', 'Bukewa H/C III', 6, 57, 95, '788308221', '', '', '', '', '0000-00-00 00:00:00', ''),
(1491, 0, '0', 'Bukhabusi H/C III', 6, 57, 95, '773851384', '', '', '', '', '0000-00-00 00:00:00', ''),
(1492, 0, '0', 'Nakaloke H/C III', 6, 62, 70, '', '', '', '', '', '0000-00-00 00:00:00', ''),
(1493, 0, '0', 'Aroi H/C III', 6, 7, 11, '782500543', '', '', '', '', '0000-00-00 00:00:00', ''),
(1494, 0, '0', 'Lanenober H/C III', 6, 23, 27, '781293554', '', '', '', '', '0000-00-00 00:00:00', ''),
(1495, 0, '0', 'Wagagai H/C IV', 7, 86, 24, '776555092', '', '', '', '', '0000-00-00 00:00:00', ''),
(1496, 0, '0', 'Nassolo Wamala H/C II', 5, 86, 24, '777550235', '', '', '', '', '0000-00-00 00:00:00', ''),
(1497, 0, '0', 'Lugazi Muslim H/C II', 5, 11, 48, '788860511', '', '', '', '', '0000-00-00 00:00:00', ''),
(1498, 0, '0', 'Mujunza H/C II', 5, 91, 106, '781029097', '', '', '', '', '0000-00-00 00:00:00', ''),
(1499, 0, '0', 'Aarapoo H/C II', 5, 100, 90, '778553101', '', '', '', '', '0000-00-00 00:00:00', ''),
(1500, 0, '0', 'Ajeluk H/C III', 6, 99, 105, '782961216', '', '', '', '', '0000-00-00 00:00:00', ''),
(1501, 0, '0', 'Agaria H/C II', 5, 50, 13, '784458781', '', '', '', '', '0000-00-00 00:00:00', ''),
(1502, 0, '0', 'Kanyantorogo H/C III', 6, 38, 43, '782440485', '', '', '', '', '0000-00-00 00:00:00', ''),
(1503, 0, '0', 'Buhozi H/C III', 6, 46, 54, '787719517', '', '', '', '', '0000-00-00 00:00:00', ''),
(1504, 0, '0', 'Reachout (  Kinawataka   Site)', 12, 35, 89, '776509554', '', '', '', '', '0000-00-00 00:00:00', ''),
(1505, 0, '0', 'Bukiro H/C III', 6, 63, 71, '782596463', '', '', '', '', '0000-00-00 00:00:00', ''),
(1506, 0, '0', 'Ruharo Mission Hospital', 9, 63, 71, '', '', '', '', '', '0000-00-00 00:00:00', ''),
(1507, 0, '0', 'Kiziba H/C III (Wakiso)', 6, 86, 116, '712880371', '', '', '', '', '0000-00-00 00:00:00', ''),
(1508, 0, '0', 'Mwenge H/C III', 6, 52, 60, '782312850', '', '', '', '', '0000-00-00 00:00:00', ''),
(1509, 0, '0', 'Busawa Manze H/C III', 6, 86, 116, '776189191', '', '', '', '', '0000-00-00 00:00:00', ''),
(1510, 0, '0', 'Katira H/C III (Budaka)', 6, 8, 70, '782982003', '', '', '', '', '0000-00-00 00:00:00', ''),
(1511, 0, '0', 'Bugitimwa H/C III', 6, 83, 114, '', '', '', '', '', '0000-00-00 00:00:00', ''),
(1512, 0, '0', 'Te-Atoo H/C II', 5, 23, 27, '782798268', '', '', '', '', '0000-00-00 00:00:00', ''),
(1513, 0, '0', 'Ddungi H/C II', 5, 11, 48, '75026832', '', '', '', '', '0000-00-00 00:00:00', ''),
(1514, 0, '0', 'AIDS  Information Centre (AMURIA)', 12, 4, 8, '702003008', '', '', '', '', '0000-00-00 00:00:00', ''),
(1515, 0, '0', 'St Sabena H/C II', 5, 81, 81, '787288238', '', '', '', '', '0000-00-00 00:00:00', ''),
(1516, 0, '0', 'Bulumbi H/C III', 6, 17, 67, '787774706', '', '', '', '', '0000-00-00 00:00:00', ''),
(1517, 0, '0', 'Lacor Hospital', 9, 23, 27, '782381045', '', '', '', '', '0000-00-00 00:00:00', ''),
(1518, 0, '0', 'Lalle H/C II', 5, 84, 92, '774303912', '', '', '', '', '0000-00-00 00:00:00', ''),
(1519, 0, '0', 'Bumwambu H/C III', 6, 94, 44, '', '', '', '', '', '0000-00-00 00:00:00', ''),
(1520, 0, '0', 'Nyadri H/C III', 6, 58, 11, '775757293', '', '', '', '', '0000-00-00 00:00:00', ''),
(1521, 0, '0', 'Reachout (Mbuya Site)', 12, 35, 89, '782283023', '', '', '', '', '0000-00-00 00:00:00', ''),
(1522, 0, '0', 'Buyanja H/C (Gomba)', 1, 89, 89, '788068935', '', '', '', '', '0000-00-00 00:00:00', ''),
(1523, 0, '0', 'Lujorongole H/C II', 5, 23, 27, '777646767', '', '', '', '', '0000-00-00 00:00:00', ''),
(1524, 0, '0', 'Kamonkoli H/C III', 6, 8, 70, '', '', '', '', '', '0000-00-00 00:00:00', ''),
(1526, 0, '0', 'Kasensero H/C II', 5, 80, 83, '779417473', '', '', '', '', '0000-00-00 00:00:00', ''),
(1527, 0, '0', 'Sapiri H/C III', 6, 8, 70, '772915124', '', '', '', '', '0000-00-00 00:00:00', ''),
(1529, 0, '0', 'Aukot H/C II', 5, 84, 92, '782344096', '', '', '', '', '0000-00-00 00:00:00', ''),
(1531, 0, '0', 'Nyaruhandagazi H/C IV', 7, 63, 71, '', '', '', '', '', '0000-00-00 00:00:00', ''),
(1532, 0, '0', 'Buzibwera H/C IV', 7, 63, 71, '', '', '', '', '', '0000-00-00 00:00:00', ''),
(1534, 0, '0', 'Makonje H/C II St Franciska', 5, 63, 71, '789960508', '', '', '', '', '0000-00-00 00:00:00', ''),
(1535, 0, '0', 'AIDS Information Centre (Mbarara)', 12, 63, 71, '0702/0772-566692', '', '', '', '', '0000-00-00 00:00:00', ''),
(1536, 0, '0', 'Kamukuzi H/C III', 6, 63, 71, '', '', '', '', '', '0000-00-00 00:00:00', ''),
(1537, 0, '0', 'Mbarara Community Hospital', 9, 63, 71, '774654482', '', '', '', '', '0000-00-00 00:00:00', ''),
(1538, 0, '0', 'Muko H/C III (NGO)', 6, 30, 33, '784044472', '', '', '', '', '0000-00-00 00:00:00', ''),
(1539, 0, '0', 'Kaara H/C III', 6, 30, 33, '', '', '', '', '', '0000-00-00 00:00:00', ''),
(1540, 0, '0', 'Kyogo H/C III', 6, 30, 33, '783703691', '', '', '', '', '0000-00-00 00:00:00', ''),
(1541, 0, '0', 'Kitooma H/C III', 6, 30, 33, '', '', '', '', '', '0000-00-00 00:00:00', ''),
(1542, 0, '0', 'Buhara H/C III (NGO)', 6, 30, 33, '784558233', '', '', '', '', '0000-00-00 00:00:00', ''),
(1543, 0, '0', 'Kitanga H/C III', 6, 30, 33, '7002915661', '', '', '', '', '0000-00-00 00:00:00', ''),
(1544, 0, '0', '', 1, 0, 1, '', '', '', '', '', '0000-00-00 00:00:00', ''),
(1545, 0, '0', 'Nyarushanje H/C III', 6, 30, 33, '701182237', '', '', '', '', '0000-00-00 00:00:00', ''),
(1546, 0, '0', 'Kirigime Hospital (UMSC)', 9, 30, 33, '', '', '', '', '', '0000-00-00 00:00:00', ''),
(1547, 0, '0', 'Rubanda PHC H/C III', 6, 30, 33, '784124212', '', '', '', '', '0000-00-00 00:00:00', ''),
(1548, 0, '0', 'Luteete H/C III (FortPortal)', 6, 31, 25, '', '', '', '', '', '0000-00-00 00:00:00', ''),
(1549, 0, '0', 'Alokolum H/C II', 5, 23, 27, '774849203', '', '', '', '', '0000-00-00 00:00:00', ''),
(1550, 0, '0', 'Patuda H/C II', 5, 23, 27, '773348588', '', '', '', '', '0000-00-00 00:00:00', ''),
(1551, 0, '0', 'Lelaobaro H/C II', 5, 23, 27, '773469253', '', '', '', '', '0000-00-00 00:00:00', ''),
(1552, 0, '0', 'Tekulu H/C II', 6, 23, 27, '774592555', '', '', '', '', '0000-00-00 00:00:00', ''),
(1553, 0, '0', 'Koro Abili H/C II', 5, 23, 27, '', '', '', '', '', '0000-00-00 00:00:00', ''),
(1554, 0, '0', 'Koro Lapainat H/C II', 5, 23, 27, '', '', '', '', '', '0000-00-00 00:00:00', ''),
(1555, 0, '0', 'Lakwatomer H/C II', 5, 23, 27, '700131086', '', '', '', '', '0000-00-00 00:00:00', ''),
(1557, 0, '0', 'Rwot Obilo H/C II', 5, 23, 27, '777011365', '', '', '', '', '0000-00-00 00:00:00', ''),
(1558, 0, '0', 'GwengDiya H/C II', 5, 23, 27, '715458549', '', '', '', '', '0000-00-00 00:00:00', ''),
(1559, 0, '0', 'Lapeta H/C II', 5, 23, 27, '779025443', '', '', '', '', '0000-00-00 00:00:00', ''),
(1560, 0, '0', 'Pukony H/C II', 5, 23, 27, '782723643', '', '', '', '', '0000-00-00 00:00:00', ''),
(1561, 0, '0', 'Kasonganyanja H/C III', 6, 40, 25, '', '', '', '', '', '0000-00-00 00:00:00', ''),
(1562, 0, '0', 'Arivu H/C III', 6, 7, 11, '', '', '', '', '', '0000-00-00 00:00:00', ''),
(1563, 0, '0', 'Driate H/C III', 6, 7, 11, '', '', '', '', '', '0000-00-00 00:00:00', ''),
(1564, 0, '0', 'Reachout (Banda Site)', 12, 35, 89, '754308311', '', '', '', '', '0000-00-00 00:00:00', ''),
(1565, 0, '0', 'Bufumira H/C III', 6, 33, 113, '773445008', '', '', '', '', '0000-00-00 00:00:00', ''),
(1566, 0, '0', '407 Brigade H/C III', 6, 70, 94, '789801648', '', '', '', '', '0000-00-00 00:00:00', ''),
(1567, 0, '0', 'Kijunjubwa H/C III', 6, 60, 69, '776335580', '', '', '', '', '0000-00-00 00:00:00', ''),
(1568, 0, '0', 'Katojo H/C III', 6, 31, 25, '704300443', '', '', '', '', '0000-00-00 00:00:00', ''),
(1569, 0, '0', 'Byakabanda H/C III', 6, 80, 83, '775072717', '', '', '', '', '0000-00-00 00:00:00', ''),
(1570, 0, '0', 'Kashenshero H/C III', 6, 111, 72, '782204050', '', '', '', '', '0000-00-00 00:00:00', ''),
(1571, 0, '0', 'Teso Safe Motherhood Project', 12, 84, 92, '779038290', '', '', '', '', '0000-00-00 00:00:00', ''),
(1572, 0, '0', 'Kyankaramata H/C II', 5, 52, 60, '', '', '', '', '', '0000-00-00 00:00:00', ''),
(1575, 0, '0', 'Kirumba H/C III (Rakai)', 6, 80, 83, '7773319300', '', '', '', '', '0000-00-00 00:00:00', ''),
(1576, 0, '0', 'Muwanga H/C III', 6, 44, 50, '0775307477/078260021', '', '', '', '', '0000-00-00 00:00:00', ''),
(1577, 0, '0', 'Holy Innocent Childrens Hospital', 9, 63, 71, '775967880', '', '', '', '', '0000-00-00 00:00:00', ''),
(1578, 0, '0', 'Bujalya H/C III', 6, 24, 28, '773771916', '', '', '', '', '0000-00-00 00:00:00', '');
INSERT INTO `facility` (`id`, `parentid`, `code`, `name`, `facilitylevelid`, `districtid`, `hubid`, `phone`, `email`, `contactperson`, `physicaladdress`, `returnaddress`, `created`, `createdby`) VALUES
(1579, 0, '0', 'Mugarama H/C III (Mbarara)', 6, 63, 71, '774105065', '', '', '', '', '0000-00-00 00:00:00', ''),
(1581, 0, '0', 'Butiaba H/C II', 5, 14, 16, '782833281', '', '', '', '', '0000-00-00 00:00:00', ''),
(1582, 0, '0', 'Olimai Community H/C III', 6, 50, 13, '778572003', '', '', '', '', '0000-00-00 00:00:00', ''),
(1583, 0, '0', 'Biwihi H/C II', 5, 98, 21, '776189069', '', '', '', '', '0000-00-00 00:00:00', ''),
(1584, 0, '0', 'Mugarama H/C III (Kibaale)', 6, 43, 36, '706263108', '', '', '', '', '0000-00-00 00:00:00', ''),
(1585, 0, '0', 'Namuningi H/C II', 5, 36, 42, '782436123', '', '', '', '', '0000-00-00 00:00:00', ''),
(1586, 0, '0', 'Kawonawo H/C II', 5, 88, 26, '782641959', '', '', '', '', '0000-00-00 00:00:00', ''),
(1587, 0, '0', 'Kyakiddu H/C II', 5, 68, 46, '776841655', '', '', '', '', '0000-00-00 00:00:00', ''),
(1588, 0, '0', 'Amucu H/C III', 6, 4, 8, '787324669', '', '', '', '', '0000-00-00 00:00:00', ''),
(1589, 0, '0', 'Okollo H/C III', 5, 7, 11, '773217752', '', '', '', '', '0000-00-00 00:00:00', ''),
(1590, 0, '0', 'Rugashali H/C III', 6, 43, 36, '775851688', '', '', '', '', '0000-00-00 00:00:00', ''),
(1591, 0, '0', 'St Micheal H/C III (Kibaale)', 6, 43, 36, '774682219', '', '', '', '', '0000-00-00 00:00:00', ''),
(1592, 0, '0', 'Kirima H/C III', 6, 38, 43, '782605075', '', '', '', '', '0000-00-00 00:00:00', ''),
(1593, 0, '0', 'Kireka SDA H/C III', 6, 86, 41, '773433690', '', '', '', '', '0000-00-00 00:00:00', ''),
(1594, 0, '0', 'Nsambya Police H/C IV', 7, 35, 41, '782061513', '', '', '', '', '0000-00-00 00:00:00', ''),
(1596, 0, '0', 'Olwal H/C III', 6, 5, 12, '782593689', '', '', '', '', '0000-00-00 00:00:00', ''),
(1597, 0, '0', 'Beatrice Tierney H/C III', 6, 57, 95, '784626402', '', '', '', '', '0000-00-00 00:00:00', ''),
(1598, 0, '0', 'Kibale H/C III(Palisa)', 6, 79, 82, '777769756', '', '', '', '', '0000-00-00 00:00:00', ''),
(1599, 0, '0', 'Adilang H/C III', 6, 101, 39, '774398895', '', '', '', '', '0000-00-00 00:00:00', ''),
(1600, 0, '0', 'Kalapata H/C III', 6, 29, 32, '775899843', '', '', '', '', '0000-00-00 00:00:00', ''),
(1601, 0, '0', 'Omagoro H/C III', 5, 100, 90, '', '', '', '', '', '0000-00-00 00:00:00', ''),
(1602, 0, '0', 'Bihanga H/C II (Kamwenge)', 5, 37, 101, '779085512', '', '', '', '', '0000-00-00 00:00:00', ''),
(1603, 0, '0', 'FAD Army H/C IV', 7, 60, 69, '772383227', '', '', '', '', '0000-00-00 00:00:00', ''),
(1604, 0, '0', 'St Monica H/C III (Katende)', 6, 67, 26, '776232003', '', '', '', '', '0000-00-00 00:00:00', ''),
(1605, 0, '0', 'Nalinya Ndagire H/C III', 6, 91, 106, '775274267', '', '', '', '', '0000-00-00 00:00:00', ''),
(1606, 0, '0', 'Mutundwe H/C II', 5, 86, 24, '782565176', '', '', '', '', '0000-00-00 00:00:00', ''),
(1607, 0, '0', 'Kyabirukwa H/C III', 6, 27, 87, '776744174', '', '', '', '', '0000-00-00 00:00:00', ''),
(1608, 0, '0', 'Jaana H/C II', 5, 33, 113, '778138096', '', '', '', '', '0000-00-00 00:00:00', ''),
(1609, 0, '0', 'Gamatimbeyi H/C III', 6, 94, 44, '701267208', '', '', '', '', '0000-00-00 00:00:00', ''),
(1610, 0, '0', 'Kabingo H/C II', 5, 37, 101, '774591800', '', '', '', '', '0000-00-00 00:00:00', ''),
(1611, 0, '0', 'Pakele H/C III', 6, 2, 6, '785637443', '', '', '', '', '0000-00-00 00:00:00', ''),
(1612, 0, '0', 'Kigoyera H/C II', 5, 52, 60, '785103555', '', '', '', '', '0000-00-00 00:00:00', ''),
(1613, 0, '0', 'Kyenzaza H/C II', 5, 113, 84, '777842815', '', '', '', '', '0000-00-00 00:00:00', ''),
(1614, 0, '0', 'Bunambale H/C III', 6, 57, 95, '', '', '', '', '', '0000-00-00 00:00:00', ''),
(1615, 0, '0', 'Alim H/C II', 5, 78, 39, '754193865', '', '', '', '', '0000-00-00 00:00:00', ''),
(1616, 0, '0', 'Biguli  H/C III', 6, 37, 101, '783788998', '', '', '', '', '0000-00-00 00:00:00', ''),
(1617, 0, '0', 'Bukimbiri H/C III', 6, 46, 54, '774319327', '', '', '', '', '0000-00-00 00:00:00', ''),
(1618, 0, '0', 'Bubaare H/C III (Kabale)', 6, 30, 33, '772692569', '', '', '', '', '0000-00-00 00:00:00', ''),
(1619, 0, '0', 'Ebenezer SDA Medical H/C III', 6, 15, 18, '773353463', '', '', '', '', '0000-00-00 00:00:00', ''),
(1620, 0, '0', 'Busiro H/C III', 6, 98, 21, '753065298', '', '', '', '', '0000-00-00 00:00:00', ''),
(1621, 0, '0', 'Rutenga H/C III', 6, 38, 43, '774091142', '', '', '', '', '0000-00-00 00:00:00', ''),
(1622, 0, '0', 'St Marys H/C III-Kyeibuza', 6, 45, 86, '785206020', '', '', '', '', '0000-00-00 00:00:00', ''),
(1623, 0, '0', 'Ayivuni H/C', 1, 7, 11, '772347583', '', '', '', '', '0000-00-00 00:00:00', ''),
(1624, 0, '0', 'Rambia H/C III', 6, 31, 25, '778383399', '', '', '', '', '0000-00-00 00:00:00', ''),
(1625, 0, '0', 'Mella H/C III', 6, 85, 95, '774405748', '', '', '', '', '0000-00-00 00:00:00', ''),
(1626, 0, '0', 'Kanyabwanga H/C III', 6, 111, 72, '782347461', '', '', '', '', '0000-00-00 00:00:00', ''),
(1627, 0, '0', 'Mutungo H/C II', 5, 86, 89, '701378090', '', '', '', '', '0000-00-00 00:00:00', ''),
(1628, 0, '0', 'Molo H/C III', 6, 85, 95, '779774381', '', '', '', '', '0000-00-00 00:00:00', ''),
(1629, 0, '0', 'Kyabakuza H/C II', 5, 59, 68, '752628662', '', '', '', '', '0000-00-00 00:00:00', ''),
(1630, 0, '0', 'Myeri H/C II (Kyenjojo)', 5, 52, 60, '702924551', '', '', '', '', '0000-00-00 00:00:00', ''),
(1631, 0, '0', 'Aloi H/C III', 6, 102, 108, '774889493', '', '', '', '', '0000-00-00 00:00:00', ''),
(1632, 0, '0', 'Yoyo H/C III', 6, 87, 96, '773203594', '', '', '', '', '0000-00-00 00:00:00', ''),
(1633, 0, '0', 'Paminya H/C III', 6, 74, 78, '775612173', '', '', '', '', '0000-00-00 00:00:00', ''),
(1634, 0, '0', 'Kimulikidongo H/C II', 5, 37, 101, '777237768', '', '', '', '', '0000-00-00 00:00:00', ''),
(1635, 0, '0', 'Ofua H/C III', 6, 2, 6, '774667160', '', '', '', '', '0000-00-00 00:00:00', ''),
(1636, 0, '0', 'Mundadde H/C III', 6, 68, 46, '704803509', '', '', '', '', '0000-00-00 00:00:00', ''),
(1637, 0, '0', 'Kasenyi H/C II', 5, 40, 37, '772954987', '', '', '', '', '0000-00-00 00:00:00', ''),
(1638, 0, '0', 'Pajimo H/C III', 6, 47, 56, '', '', '', '', '', '0000-00-00 00:00:00', ''),
(1639, 0, '0', 'Poyameri H/C III', 6, 85, 95, '751166853', '', '', '', '', '0000-00-00 00:00:00', ''),
(1640, 0, '0', 'Bumumulo H/C III', 6, 83, 114, '', '', '', '', '', '0000-00-00 00:00:00', ''),
(1642, 0, '0', 'Butaleja H/C III', 6, 18, 20, '772322768', '', '', '', '', '0000-00-00 00:00:00', ''),
(1643, 0, '0', 'Mahango H/C III', 6, 40, 52, '783974758', '', '', '', '', '0000-00-00 00:00:00', ''),
(1644, 0, '0', 'Lotome H/C III', 6, 105, 74, '772506949', '', '', '', '', '0000-00-00 00:00:00', ''),
(1645, 0, '0', 'Kabubbu H/C III', 6, 86, 116, '782637984', '', '', '', '', '0000-00-00 00:00:00', ''),
(1646, 0, '0', 'Siripi H/C III', 6, 7, 11, '774465518', '', '', '', '', '0000-00-00 00:00:00', ''),
(1647, 0, '0', 'Petta H/C III', 6, 85, 95, '784959209', '', '', '', '', '0000-00-00 00:00:00', ''),
(1648, 0, '0', 'Lwajje H/C III', 6, 19, 49, '782762164', '', '', '', '', '0000-00-00 00:00:00', ''),
(1649, 0, '0', 'Bisina H/C II', 5, 41, 47, '777332815', '', '', '', '', '0000-00-00 00:00:00', ''),
(1650, 0, '0', 'Kyere Mission H/C III', 6, 100, 90, '756554229', '', '', '', '', '0000-00-00 00:00:00', ''),
(1651, 0, '0', 'Kyarulangira H/C III', 6, 80, 83, '782587246', '', '', '', '', '0000-00-00 00:00:00', ''),
(1652, 0, '0', 'Robidire H/C III', 6, 2, 6, '783799456', '', '', '', '', '0000-00-00 00:00:00', ''),
(1653, 0, '0', 'Namatale H/C II', 5, 19, 49, '785010733', '', '', '', '', '0000-00-00 00:00:00', ''),
(1654, 0, '0', 'St Francis H/C   III Migyeera', 1, 72, 77, '777859113', '', '', '', '', '0000-00-00 00:00:00', ''),
(1655, 0, '0', 'Paya H/C III', 6, 85, 95, '781336819', '', '', '', '', '0000-00-00 00:00:00', ''),
(1656, 0, '0', 'Ocea H/C II', 5, 7, 11, '773385476', '', '', '', '', '0000-00-00 00:00:00', ''),
(1657, 0, '0', 'Kichwamba H/C II (Kamwenge)', 5, 37, 101, '', '', '', '', '', '0000-00-00 00:00:00', ''),
(1658, 0, '0', 'Bukibokolo H/C III', 6, 9, 97, '', '', '', '', '', '0000-00-00 00:00:00', ''),
(1659, 0, '0', 'St Marys Kigumba H/C III (NGO)', 6, 110, 53, '759412154', '', '', '', '', '0000-00-00 00:00:00', ''),
(1660, 0, '0', 'Lemusuii H/C III', 6, 70, 94, '752381099', '', '', '', '', '0000-00-00 00:00:00', ''),
(1661, 0, '0', 'Kambugu H/C III (Kiboga)', 6, 44, 50, '754013674', '', '', '', '', '0000-00-00 00:00:00', ''),
(1662, 0, '0', 'Mirembe H/C III', 6, 86, 89, '782893593', '', '', '', '', '0000-00-00 00:00:00', ''),
(1663, 0, '0', 'Lokitelebu H/C III', 6, 49, 57, '753553166', '', '', '', '', '0000-00-00 00:00:00', ''),
(1664, 0, '0', 'Bujugu H/C III', 6, 24, 28, '773262635', '', '', '', '', '0000-00-00 00:00:00', ''),
(1665, 0, '0', 'Bunambutye H/C III', 6, 94, 44, '784959757', '', '', '', '', '0000-00-00 00:00:00', ''),
(1666, 0, '0', 'Ruhangire H/C II', 5, 51, 58, '784305477', '', '', '', '', '0000-00-00 00:00:00', ''),
(1667, 0, '0', 'Bumangi H/C II', 5, 33, 113, '774058432', '', '', '', '', '0000-00-00 00:00:00', ''),
(1668, 0, '0', 'Kisubba H/C III', 6, 15, 18, '774663311', '', '', '', '', '0000-00-00 00:00:00', ''),
(1669, 0, '0', 'Busunga H/C II', 5, 15, 52, '774204978', '', '', '', '', '0000-00-00 00:00:00', ''),
(1670, 0, '0', 'Opot H/C II', 5, 99, 105, '782589254', '', '', '', '', '0000-00-00 00:00:00', ''),
(1671, 0, '0', 'Potters Villiage', 4, 46, 54, '778280024', '', '', '', '', '0000-00-00 00:00:00', ''),
(1672, 0, '0', 'Bupoto H/c III', 6, 57, 95, '700422756', '', '', '', '', '0000-00-00 00:00:00', ''),
(1673, 0, '0', 'Kalowang H/C III', 6, 74, 78, '773123380', '', '', '', '', '0000-00-00 00:00:00', ''),
(1674, 0, '0', 'Kisoko H/C III (Tororo)', 6, 85, 95, '', '', '', '', '', '0000-00-00 00:00:00', ''),
(1675, 0, '0', 'Agurut H/C II', 5, 50, 13, '782707899', '', '', '', '', '0000-00-00 00:00:00', ''),
(1677, 0, '0', 'Focrev H/C III', 6, 17, 67, '759501297', '', '', '', '', '0000-00-00 00:00:00', ''),
(1678, 0, '0', 'Kyebando H/C III', 6, 43, 38, '783099516', '', '', '', '', '0000-00-00 00:00:00', ''),
(1679, 0, '0', 'Katakwi COU H/C II', 5, 41, 47, '775292699', '', '', '', '', '0000-00-00 00:00:00', ''),
(1680, 0, '0', 'Coorom H/C II(Koch)', 5, 106, 10, '70754849975', '', '', '', '', '0000-00-00 00:00:00', ''),
(1681, 0, '0', 'Bukaya H/C II', 5, 11, 48, '779357602', '', '', '', '', '0000-00-00 00:00:00', ''),
(1682, 0, '0', 'Nabyewanga H/C II', 5, 67, 26, '705886414', '', '', '', '', '0000-00-00 00:00:00', ''),
(1683, 0, '0', 'Kyali H/C III', 6, 67, 26, '772574390', '', '', '', '', '0000-00-00 00:00:00', ''),
(1684, 0, '0', 'Eremi H/C III', 6, 66, 75, '782847611', '', '', '', '', '0000-00-00 00:00:00', ''),
(1685, 0, '0', 'Atangi H/C III', 6, 85, 95, '777774206', '', '', '', '', '0000-00-00 00:00:00', ''),
(1686, 0, '0', 'Kingdom Life Medical Martenity H/C II', 5, 11, 48, '774875341', '', '', '', '', '0000-00-00 00:00:00', ''),
(1687, 0, '0', 'St Francis Acumet', 1, 4, 8, '784513357', '', '', '', '', '0000-00-00 00:00:00', ''),
(1688, 0, '0', 'Ikumba H/C III (Kabale)', 6, 30, 33, '774615869', '', '', '', '', '0000-00-00 00:00:00', ''),
(1689, 0, '0', 'AIDS Information Centre (Kabale)', 12, 30, 33, '772444687', '', '', '', '', '0000-00-00 00:00:00', ''),
(1690, 0, '0', 'Mityana H/C III (UMSC)', 6, 64, 73, '782733697', '', '', '', '', '0000-00-00 00:00:00', ''),
(1691, 0, '0', 'St Francis Assisi Kitabu (Kasese)', 1, 40, 37, '774171329', '', '', '', '', '0000-00-00 00:00:00', ''),
(1692, 0, '0', 'Mpungu H/C II (kabale)', 5, 30, 33, '757696492', '', '', '', '', '0000-00-00 00:00:00', ''),
(1693, 0, '0', 'Bujuuko H/C III', 6, 67, 26, '702024884', '', '', '', '', '0000-00-00 00:00:00', ''),
(1694, 0, '0', 'Sekiwunga H/C III', 6, 67, 24, '782082334', '', '', '', '', '0000-00-00 00:00:00', ''),
(1695, 0, '0', 'Lusago H/C II', 5, 90, 100, '775430480', '', '', '', '', '0000-00-00 00:00:00', ''),
(1696, 0, '0', 'Kikka Yokana H/C II', 5, 64, 73, '782930214', '', '', '', '', '0000-00-00 00:00:00', ''),
(1697, 0, '0', 'Nabuli H/C III', 6, 95, 82, '782816354', '', '', '', '', '0000-00-00 00:00:00', ''),
(1698, 0, '0', 'Butooro H/C III', 6, 67, 26, '705440185', '', '', '', '', '0000-00-00 00:00:00', ''),
(1700, 0, '0', 'Lamezia H/C III', 6, 45, 86, '701167475', '', '', '', '', '0000-00-00 00:00:00', ''),
(1701, 0, '0', 'Ocodri H/C III', 6, 7, 11, '', '', '', '', '', '0000-00-00 00:00:00', ''),
(1702, 0, '0', 'Yinga H/C III', 6, 7, 11, '772880181', '', '', '', '', '0000-00-00 00:00:00', ''),
(1703, 0, '0', 'Matanda H/C III', 6, 38, 43, '774462544', '', '', '', '', '0000-00-00 00:00:00', ''),
(1704, 0, '0', 'Kampiringisa H/C III', 6, 67, 26, '772877014', '', '', '', '', '0000-00-00 00:00:00', ''),
(1705, 0, '0', 'Muziizi H/C II', 12, 43, 36, '782411884', '', '', '', '', '0000-00-00 00:00:00', ''),
(1706, 0, '0', 'Mantoroba H/C II', 5, 15, 18, '', '', '', '', '', '0000-00-00 00:00:00', ''),
(1708, 0, '0', 'Kashasha H/C II', 5, 30, 33, '773944620', '', '', '', '', '0000-00-00 00:00:00', ''),
(1709, 0, '0', 'Apodorwa H/C II', 5, 110, 53, '773110848', '', '', '', '', '0000-00-00 00:00:00', ''),
(1710, 0, '0', 'Eliofe H/C III', 6, 58, 11, '773227114', '', '', '', '', '0000-00-00 00:00:00', ''),
(1711, 0, '0', 'Butandiga H/C III', 6, 83, 114, '776060892', '', '', '', '', '0000-00-00 00:00:00', ''),
(1712, 0, '0', 'Malukhu H/C III', 6, 62, 70, '774206095', '', '', '', '', '0000-00-00 00:00:00', ''),
(1713, 0, '0', 'China Uganda Friendship Hospital- Naguru', 9, 35, 89, '774531882', '', '', '', '', '0000-00-00 00:00:00', ''),
(1714, 0, '0', 'Nyakatare H/C III', 6, 38, 43, '782272867', '', '', '', '', '0000-00-00 00:00:00', ''),
(1715, 0, '0', 'Bunaseke H/C III', 6, 83, 114, '', '', '', '', '', '0000-00-00 00:00:00', ''),
(1716, 0, '0', 'Alangi H/C III', 6, 108, 78, '783463883', '', '', '', '', '0000-00-00 00:00:00', ''),
(1717, 0, '0', 'Mpungu H/C III (Kanungu)', 6, 38, 43, '702660347', '', '', '', '', '0000-00-00 00:00:00', ''),
(1718, 0, '0', 'Labongogali H/C III', 5, 5, 12, '783210962', '', '', '', '', '0000-00-00 00:00:00', ''),
(1719, 0, '0', 'Kagumu H/C III', 6, 95, 82, '755547746', '', '', '', '', '0000-00-00 00:00:00', ''),
(1720, 0, '0', 'Ggoli H/C III (Mpigi)', 6, 67, 26, '0702103042', '', 'Ngobya Ibrahim', '', '', '0000-00-00 00:00:00', ''),
(1722, 0, '0', 'Nyamirama H/C III', 6, 38, 43, '774267549', '', '', '', '', '0000-00-00 00:00:00', ''),
(1723, 0, '0', 'Senta Medicare', 12, 86, 41, '703124393', '', '', '', '', '0000-00-00 00:00:00', ''),
(1724, 0, '0', 'Mukongo H/C III', 6, 30, 33, '784044473', '', '', '', '', '0000-00-00 00:00:00', ''),
(1725, 0, '0', 'St Bernards Mannya H/C III', 6, 80, 83, '751849102', '', '', '', '', '0000-00-00 00:00:00', ''),
(1726, 0, '0', 'Rwengiri  H/C III', 6, 81, 81, '777402097', '', '', '', '', '0000-00-00 00:00:00', ''),
(1727, 0, '0', 'Ageteraine Nursing Home', 12, 31, 25, '758712279', '', '', '', '', '0000-00-00 00:00:00', ''),
(1728, 0, '0', 'Bugoigo H/C II', 5, 14, 16, '752386114', '', '', '', '', '0000-00-00 00:00:00', ''),
(1729, 0, '0', 'Ibulanku H/C III', 6, 26, 29, '784464139', '', '', '', '', '0000-00-00 00:00:00', ''),
(1732, 0, '0', 'Ebenezer Clinical Laboratory', 12, 35, 41, '7752324676', '', '', '', '', '0000-00-00 00:00:00', ''),
(1733, 0, '0', 'Wattuba H/C III', 6, 86, 116, '782417949', '', '', '', '', '0000-00-00 00:00:00', ''),
(1734, 0, '0', 'Katete H/C III', 6, 38, 43, '775141825', '', '', '', '', '0000-00-00 00:00:00', ''),
(1735, 0, '0', 'Enganju H/C II', 5, 109, 80, '784835251', '', '', '', '', '0000-00-00 00:00:00', ''),
(1736, 0, '0', 'Rurambiira H/C II', 5, 45, 86, '773832248', '', '', '', '', '0000-00-00 00:00:00', ''),
(1737, 0, '0', 'Kyetume H/C III (Mukono)', 6, 69, 89, '', '', '', '', '', '0000-00-00 00:00:00', ''),
(1738, 0, '0', 'Kyetume H/C III (Lwengo)', 6, 92, 115, '772885521', '', '', '', '', '0000-00-00 00:00:00', ''),
(1739, 0, '0', 'Kijurera H/C II', 5, 30, 33, '777858417', '', '', '', '', '0000-00-00 00:00:00', ''),
(1740, 0, '0', 'Kikolimbo H/C III', 6, 91, 106, '772434967', '', '', '', '', '0000-00-00 00:00:00', ''),
(1741, 0, '0', 'Kureku H/C II', 5, 2, 6, '772994554', '', '', '', '', '0000-00-00 00:00:00', ''),
(1742, 0, '0', 'Kyanya H/C III', 6, 40, 52, '784554057', '', '', '', '', '0000-00-00 00:00:00', ''),
(1743, 0, '0', 'Health Initiatives Association', 12, 11, 48, '775285123', '', '', '', '', '0000-00-00 00:00:00', ''),
(1744, 0, '0', 'Masaka Prision H/C III', 6, 59, 68, '782034476', '', '', '', '', '0000-00-00 00:00:00', ''),
(1745, 0, '0', 'SIAAP Bugoma Clinic', 3, 33, 113, '784869599', '', '', '', '', '0000-00-00 00:00:00', ''),
(1746, 0, '0', 'Kitura H/C III', 6, 45, 86, '753117169', '', '', '', '', '0000-00-00 00:00:00', ''),
(1747, 0, '0', 'Buyambi H/C II- (st Noa) Mityana', 5, 64, 73, '785428891', '', '', '', '', '0000-00-00 00:00:00', ''),
(1748, 0, '0', 'Taqwa H/C III', 6, 86, 116, '772019587', '', '', '', '', '0000-00-00 00:00:00', ''),
(1749, 0, '0', 'Masaka Police Clinic', 12, 59, 68, '752337301', '', '', '', '', '0000-00-00 00:00:00', ''),
(1750, 0, '0', 'Noahs Ark Family Clinic', 12, 69, 49, '773783853', '', '', '', '', '0000-00-00 00:00:00', ''),
(1751, 0, '0', 'Ggwatiro Hospital', 9, 86, 41, '700876045', '', '', '', '', '0000-00-00 00:00:00', ''),
(1752, 0, '0', 'Uganda Martyrs Hospital (Namugongo)', 12, 86, 116, '', '', '', '', '', '0000-00-00 00:00:00', ''),
(1753, 0, '0', 'Kachumbala Mission Dispensary', 12, 12, 13, '', '', '', '', '', '0000-00-00 00:00:00', ''),
(1754, 0, '0', 'St Francis Mbiriizi H/C III', 3, 92, 64, '773837749', '', '', '', '', '0000-00-00 00:00:00', ''),
(1755, 0, '0', 'Katunguru H/C III(Rubirizi)', 6, 113, 84, '772959793', '', '', '', '', '0000-00-00 00:00:00', ''),
(1756, 0, '0', 'Pacilo H/C II', 5, 5, 12, '', '', '', '', '', '0000-00-00 00:00:00', ''),
(1757, 0, '0', 'Mbirizi Moslem H/C III', 6, 92, 115, '772914091', '', '', '', '', '0000-00-00 00:00:00', ''),
(1758, 0, '0', 'Kyeirumba H/C III', 6, 27, 87, '779664167', '', '', '', '', '0000-00-00 00:00:00', ''),
(1759, 0, '0', 'Bweyogerere H/C III Muslim', 6, 86, 24, '782800415', '', '', '', '', '0000-00-00 00:00:00', ''),
(1760, 0, '0', 'St Apollo H/C III-Namasuba', 6, 86, 24, '779299952', '', '', '', '', '0000-00-00 00:00:00', ''),
(1761, 0, '0', 'Kasodo H/C III', 6, 79, 82, '774020719', '', '', '', '', '0000-00-00 00:00:00', ''),
(1762, 0, '0', 'Barakala H/C III', 5, 87, 96, '', '', '', '', '', '0000-00-00 00:00:00', ''),
(1763, 0, '0', 'Nkata H/C II', 5, 19, 49, '774793344', '', '', '', '', '0000-00-00 00:00:00', ''),
(1764, 0, '0', 'Lacor H/C III (Pabbo)', 6, 5, 27, '774210582', '', '', '', '', '0000-00-00 00:00:00', ''),
(1765, 0, '0', 'Lufuka Valley Health Centre III', 6, 86, 24, '783503664', '', '', '', '', '0000-00-00 00:00:00', ''),
(1766, 0, '0', 'Meeting Point Kampala', 12, 35, 41, '774666799', '', '', '', '', '0000-00-00 00:00:00', ''),
(1767, 0, '0', 'Nalugala H/C II', 5, 86, 89, '782728437', '', '', '', '', '0000-00-00 00:00:00', ''),
(1768, 0, '0', 'Mitukula H/C III', 6, 80, 83, '', '', '', '', '', '0000-00-00 00:00:00', ''),
(1769, 0, '0', 'Kyamaganda HCIII', 6, 92, 115, '705341280', '', '', '', '', '0000-00-00 00:00:00', ''),
(1770, 0, '0', 'Kagunga H/C II', 5, 30, 33, '702545987', '', '', '', '', '0000-00-00 00:00:00', ''),
(1771, 0, '0', 'Olujobo H/C III', 6, 7, 11, '774611242', '', '', '', '', '0000-00-00 00:00:00', ''),
(1772, 0, '0', 'Namutamba H/C III  COU  (Mityana)', 6, 64, 73, '774077961', '', '', '', '', '0000-00-00 00:00:00', ''),
(1773, 0, '0', 'Nyamwegabira H/C III', 6, 38, 43, '777470702', '', '', '', '', '0000-00-00 00:00:00', ''),
(1774, 0, '0', 'Kayonza H/C III (Kanungu)', 6, 38, 43, '775148855', '', '', '', '', '0000-00-00 00:00:00', ''),
(1775, 0, '0', 'Kasambiika H/C II', 5, 26, 29, '775444602', '', '', '', '', '0000-00-00 00:00:00', ''),
(1776, 0, '0', 'Morungatuny H/C III', 6, 4, 8, '778767472', '', '', '', '', '0000-00-00 00:00:00', ''),
(1777, 0, '0', 'Lacor H/C III (Amuru)', 6, 5, 12, '774210582', '', '', '', '', '0000-00-00 00:00:00', ''),
(1779, 0, '0', 'Lake Mburo H/C III', 6, 45, 86, '772057442', '', '', '', '', '0000-00-00 00:00:00', ''),
(1780, 0, '0', 'Kishenyi H/C II (Rubirizi)', 5, 113, 84, '', '', '', '', '', '0000-00-00 00:00:00', ''),
(1781, 0, '0', 'Foyer H/C III', 6, 86, 24, '780675172', '', '', '', '', '0000-00-00 00:00:00', ''),
(1782, 0, '0', 'Nkoni Health Center III', 6, 92, 115, '', '', '', '', '', '0000-00-00 00:00:00', ''),
(1783, 0, '0', 'Anaka H/C II', 5, 53, 65, '787067014', '', '', '', '', '0000-00-00 00:00:00', ''),
(1784, 0, '0', 'Zzinga H/C II', 5, 86, 24, '703351413', '', '', '', '', '0000-00-00 00:00:00', ''),
(1785, 0, '0', 'Lwakaloolo H/C II', 5, 80, 83, '774880730', '', '', '', '', '0000-00-00 00:00:00', ''),
(1786, 0, '0', 'Kibuuka H/C II', 5, 80, 83, '774880730', '', '', '', '', '0000-00-00 00:00:00', ''),
(1787, 0, '0', 'Butiti H/C II (Rakai)', 5, 80, 83, '774880730', '', '', '', '', '0000-00-00 00:00:00', ''),
(1788, 0, '0', 'Zia Angelina ', 3, 86, 116, '776265920', '', '', '', '', '0000-00-00 00:00:00', ''),
(1789, 0, '0', 'Dzaipi H/C III', 6, 2, 6, '782461487', '', '', '', '', '0000-00-00 00:00:00', ''),
(1790, 0, '0', 'Bigungiro H/C II', 5, 30, 33, '772831913', '', '', '', '', '0000-00-00 00:00:00', ''),
(1791, 0, '0', 'Rusheshe H/C III', 6, 81, 81, '772703519', '', '', '', '', '0000-00-00 00:00:00', ''),
(1792, 0, '0', 'Kihefo H/C III', 6, 30, 33, '777228884', '', '', '', '', '0000-00-00 00:00:00', ''),
(1793, 0, '0', 'Kabbo H/C II', 5, 68, 76, '784797776', '', '', '', '', '0000-00-00 00:00:00', ''),
(1794, 0, '0', 'Gateriteri H/C III', 6, 46, 54, '773035758', '', '', '', '', '0000-00-00 00:00:00', ''),
(1795, 0, '0', 'Aliba H/C III', 6, 66, 75, '775800996', '', '', '', '', '0000-00-00 00:00:00', ''),
(1796, 0, '0', 'Mutara H/C III', 6, 111, 72, '772665593', '', '', '', '', '0000-00-00 00:00:00', ''),
(1797, 0, '0', 'Kituntu H/C III', 6, 67, 26, '782057880', '', '', '', '', '0000-00-00 00:00:00', ''),
(1798, 0, '0', 'Siira H/C III', 1, 62, 70, '', '', '', '', '', '0000-00-00 00:00:00', ''),
(1799, 0, '0', 'Ssanje Domiciliary Clinic', 12, 80, 83, '782407878', '', '', '', '', '0000-00-00 00:00:00', ''),
(1800, 0, '0', 'Kapkoloswo H/C III', 6, 13, 44, '', '', '', '', '', '0000-00-00 00:00:00', ''),
(1801, 0, '0', 'Bugogo H/C III', 6, 51, 58, '774445143', '', '', '', '', '0000-00-00 00:00:00', ''),
(1803, 0, '0', 'Buhandagazi H/C II', 5, 81, 81, '', '', '', '', '', '0000-00-00 00:00:00', ''),
(1804, 0, '0', 'St Stephens Hospital (Mpererwe)', 12, 35, 41, '', '', '', '', '', '0000-00-00 00:00:00', ''),
(1805, 0, '0', 'Kyabi H/C III', 6, 82, 93, '783978800', '', '', '', '', '0000-00-00 00:00:00', ''),
(1806, 0, '0', 'Haama H/C II', 5, 98, 21, '752468355', '', '', '', '', '0000-00-00 00:00:00', ''),
(1807, 0, '0', 'Rwoburunga H/C III', 6, 111, 72, '706219414', '', '', '', '', '0000-00-00 00:00:00', ''),
(1808, 0, '0', 'Kakoma H/C III', 6, 27, 87, '7013262560', '', '', '', '', '0000-00-00 00:00:00', ''),
(1809, 0, '0', 'Buginyanya H/C III (Bulambuli)', 6, 94, 44, '778803541', '', '', '', '', '0000-00-00 00:00:00', ''),
(1810, 0, '0', 'Doctors Hospital Sseguku', 12, 86, 24, '705555117', '', '', '', '', '0000-00-00 00:00:00', ''),
(1811, 0, '0', 'Apo H/C II', 5, 87, 96, '756579825', '', '', '', '', '0000-00-00 00:00:00', ''),
(1812, 0, '0', 'St Martha Maternity Home- Bukedea', 12, 12, 13, '784112232', '', '', '', '', '0000-00-00 00:00:00', ''),
(1813, 0, '0', 'Nalweyo H/C III', 6, 43, 38, '784737753', '', '', '', '', '0000-00-00 00:00:00', ''),
(1814, 0, '0', 'Hope Medical Centre (AMG)(Sheema)', 1, 114, 55, '704143612', '', '', '', '', '0000-00-00 00:00:00', ''),
(1815, 0, '0', 'Mukwano Medical Services Ltd', 12, 90, 100, '774131371', '', '', '', '', '0000-00-00 00:00:00', ''),
(1816, 0, '0', 'Bihanga Army H/C II', 5, 25, 85, '777656664', '', '', '', '', '0000-00-00 00:00:00', ''),
(1817, 0, '0', 'Makiro H/C III', 6, 38, 43, '775018551', '', '', '', '', '0000-00-00 00:00:00', ''),
(1818, 0, '0', 'Igayaza H/C II', 6, 43, 38, '772366801', '', '', '', '', '0000-00-00 00:00:00', ''),
(1819, 0, '0', 'Maziriga H/C II', 5, 10, 15, '783288025', '', '', '', '', '0000-00-00 00:00:00', ''),
(1820, 0, '0', 'Kibanda H/C II (Kabale)', 5, 30, 33, '774481008', '', '', '', '', '0000-00-00 00:00:00', ''),
(1821, 0, '0', 'Nyakinama H/C III', 6, 46, 54, '777787410', '', '', '', '', '0000-00-00 00:00:00', ''),
(1822, 0, '0', 'Burama H/C II', 5, 81, 81, '774435011', '', '', '', '', '0000-00-00 00:00:00', ''),
(1823, 0, '0', 'Busingye Maternity Home', 12, 45, 86, '714404180', '', '', '', '', '0000-00-00 00:00:00', ''),
(1824, 0, '0', 'Mulagi H/C III', 6, 18, 20, '783015770', '', '', '', '', '0000-00-00 00:00:00', ''),
(1825, 0, '0', 'Bukungu H/C II', 5, 20, 51, '779820224', '', '', '', '', '0000-00-00 00:00:00', ''),
(1826, 0, '0', 'Bukalasi H/C III', 6, 9, 97, '785338944', '', '', '', '', '0000-00-00 00:00:00', ''),
(1827, 0, '0', 'Rutaka H/C III', 6, 46, 54, '774215237', '', '', '', '', '0000-00-00 00:00:00', ''),
(1828, 0, '0', 'Kihunda H/C III', 6, 114, 55, '773947343', '', '', '', '', '0000-00-00 00:00:00', ''),
(1829, 0, '0', 'Well Springs Medical  Center Kamutuuza', 3, 90, 100, '779212047', '', '', '', '', '0000-00-00 00:00:00', ''),
(1830, 0, '0', 'Kitholhu H/C III', 6, 40, 37, '782835901', '', '', '', '', '0000-00-00 00:00:00', ''),
(1831, 0, '0', 'St Lucia Kagamba H/C III', 6, 75, 30, '', '', '', '', '', '0000-00-00 00:00:00', ''),
(1832, 0, '0', 'Kitojo H/C II', 5, 30, 33, '', '', '', '', '', '0000-00-00 00:00:00', ''),
(1833, 0, '0', 'Kasubi H/C III', 6, 11, 48, '772499744', '', '', '', '', '0000-00-00 00:00:00', ''),
(1834, 0, '0', 'Bugaana H/C II', 5, 98, 21, '', '', '', '', '', '0000-00-00 00:00:00', ''),
(1835, 0, '0', 'Aliwa H/C III', 6, 32, 34, '753899895', '', '', '', '', '0000-00-00 00:00:00', ''),
(1836, 0, '0', 'Kandago H/C II', 5, 30, 33, '775492120', '', '', '', '', '0000-00-00 00:00:00', ''),
(1837, 0, '0', 'Buyombo H/C II', 5, 98, 21, '758724496', '', '', '', '', '0000-00-00 00:00:00', ''),
(1838, 0, '0', 'Butare H/C III (Ntungamo )', 6, 75, 30, '782343589', '', '', '', '', '0000-00-00 00:00:00', ''),
(1839, 0, '0', 'Kiguma H/C II', 5, 31, 25, '704416299', '', '', '', '', '0000-00-00 00:00:00', ''),
(1840, 0, '0', 'FortPortal Prisons H/C III', 6, 31, 25, '716162250', '', '', '', '', '0000-00-00 00:00:00', ''),
(1841, 0, '0', 'St Anthony H/C II', 5, 99, 105, '', '', '', '', '', '0000-00-00 00:00:00', ''),
(1842, 0, '0', 'St Francis H/C III (Soroti)', 6, 84, 92, '779950833', '', '', '', '', '0000-00-00 00:00:00', ''),
(1843, 0, '0', 'Nyabihuniko H/C III', 6, 46, 54, '', '', '', '', '', '0000-00-00 00:00:00', ''),
(1844, 0, '0', 'Kigazi H/C II', 5, 30, 33, '', '', '', '', '', '0000-00-00 00:00:00', ''),
(1845, 0, '0', 'Bulujewa H/C III', 6, 83, 114, '', '', '', '', '', '0000-00-00 00:00:00', ''),
(1846, 0, '0', 'Bumulisha H/C III', 6, 83, 114, '772908937', '', '', '', '', '0000-00-00 00:00:00', ''),
(1847, 0, '0', 'Rwanjura H/C II', 5, 30, 33, '773261609', '', '', '', '', '0000-00-00 00:00:00', ''),
(1848, 0, '0', 'Bikurungu H/C III', 6, 81, 81, '774954846', '', '', '', '', '0000-00-00 00:00:00', ''),
(1849, 0, '0', 'Kirumba H/C III (Isingiro)', 6, 27, 87, '', '', '', '', '', '0000-00-00 00:00:00', ''),
(1850, 0, '0', 'Bikiira H/C III', 6, 80, 83, '704247985', '', '', '', '', '0000-00-00 00:00:00', ''),
(1852, 0, '0', 'Rubona H/C II', 5, 31, 25, '772912839', '', '', '', '', '0000-00-00 00:00:00', ''),
(1853, 0, '0', 'Mucwa H/C II', 5, 31, 25, '', '', '', '', '', '0000-00-00 00:00:00', ''),
(1854, 0, '0', 'Kiyebe H/C III', 6, 30, 33, '', '', '', '', '', '0000-00-00 00:00:00', ''),
(1855, 0, '0', 'Bulwala H/C III', 6, 83, 114, '783229204', '', '', '', '', '0000-00-00 00:00:00', ''),
(1856, 0, '0', 'Joy Medical Center (Mbale  )', 1, 62, 70, '', '', '', '', '', '0000-00-00 00:00:00', ''),
(1857, 0, '0', 'Riki H/C III', 6, 7, 11, '', '', '', '', '', '0000-00-00 00:00:00', ''),
(1858, 0, '0', 'TBOROKOLONGO H/C III', 6, 48, 11, '794928830', '', '', '', '', '0000-00-00 00:00:00', ''),
(1859, 0, '0', 'Ruti H/C', 5, 63, 71, '785000862', '', '', '', '', '0000-00-00 00:00:00', ''),
(1861, 0, '0', 'Adjumani Mission H/C III', 6, 2, 6, '791919994', '', '', '', '', '0000-00-00 00:00:00', ''),
(1863, 0, '0', 'Mbale Main Prisons H/C III', 6, 62, 70, '782006378', '', '', '', '', '0000-00-00 00:00:00', ''),
(1864, 0, '0', 'Kakure H/C II', 5, 32, 34, '779470907', '', '', '', '', '0000-00-00 00:00:00', ''),
(1865, 0, '0', 'Itula H/C III', 6, 66, 75, '', '', '', '', '', '0000-00-00 00:00:00', ''),
(1866, 0, '0', 'Aliakamer H/C II', 5, 41, 47, '', '', '', '', '', '0000-00-00 00:00:00', ''),
(1867, 0, '0', 'Lwembajjo H/C III', 1, 80, 83, '', '', '', '', '', '0000-00-00 00:00:00', ''),
(1868, 0, '0', 'Kachanga H/C II', 5, 33, 113, '', '', '', '', '', '0000-00-00 00:00:00', ''),
(1869, 0, '0', 'Jaana H/C II', 5, 33, 113, '', '', '', '', '', '0000-00-00 00:00:00', ''),
(1870, 0, '0', 'Kahondo H/C II', 5, 30, 33, '', '', '', '', '', '0000-00-00 00:00:00', ''),
(1871, 0, '0', 'Nyarurambi H/C II', 5, 30, 33, '782368976', '', '', '', '', '0000-00-00 00:00:00', ''),
(1872, 0, '0', 'Kabwangasi H/C III', 6, 79, 82, '777527725', '', '', '', '', '0000-00-00 00:00:00', ''),
(1873, 0, '0', 'ST Andrew H/C III (Nyarushanje)', 1, 81, 81, '', '', '', '', '', '0000-00-00 00:00:00', ''),
(1874, 0, '0', 'Lwanjusi H/C III', 6, 57, 95, '778137347', '', '', '', '', '0000-00-00 00:00:00', ''),
(1875, 0, '0', 'Bukimbi H/C II', 5, 98, 21, '751164212', '', '', '', '', '0000-00-00 00:00:00', ''),
(1876, 0, '0', 'Isinde H/C II', 5, 98, 21, '782904532', '', '', '', '', '0000-00-00 00:00:00', ''),
(1877, 0, '0', 'Bugali H/C II', 5, 98, 21, '755451976', '', '', '', '', '0000-00-00 00:00:00', ''),
(1878, 0, '0', 'Kakore H/C II', 5, 30, 33, '702552506', '', '', '', '', '0000-00-00 00:00:00', ''),
(1879, 0, '0', 'Dohwe H/C II', 5, 98, 21, '782229255', '', '', '', '', '0000-00-00 00:00:00', ''),
(1880, 0, '0', 'Karinga H/CI II', 5, 70, 94, '', '', '', '', '', '0000-00-00 00:00:00', ''),
(1881, 0, '0', 'Tajar H/C II', 5, 12, 70, '', '', '', '', '', '0000-00-00 00:00:00', ''),
(1882, 0, '0', 'Nangara H/C II', 5, 30, 33, '', '', '', '', '', '0000-00-00 00:00:00', ''),
(1883, 0, '0', 'Gborokolongo H/C III', 6, 48, 11, '774928830', '', '', '', '', '0000-00-00 00:00:00', ''),
(1884, 0, '0', 'Namugongo Fund For Special Children', 3, 86, 41, '775019662', '', '', '', '', '0000-00-00 00:00:00', ''),
(1885, 0, '0', 'AMG Bugongi- Hope Medical Center', 1, 114, 55, '', '', '', '', '', '0000-00-00 00:00:00', ''),
(1886, 0, '0', 'ST Martins H/C III ( AMAKIO)', 6, 100, 90, '776252599', '', '', '', '', '0000-00-00 00:00:00', ''),
(1887, 0, '0', 'Kisoko H/C III', 6, 85, 95, '', '', '', '', '', '0000-00-00 00:00:00', ''),
(1888, 0, '0', 'St Elizabeth H/C III KIJJUKIZO', 6, 56, 64, '705857074', '', '', '', '', '0000-00-00 00:00:00', ''),
(1889, 0, '0', 'Kirika H/C III', 6, 95, 82, '', '', '', '', '', '0000-00-00 00:00:00', ''),
(1890, 0, '0', 'St Francis Of Assis Naddangira H/C III', 6, 86, 89, '781009076', '', '', '', '', '0000-00-00 00:00:00', ''),
(1891, 0, '0', 'Nabulola CMC H/C III', 6, 17, 67, '779346042', '', '', '', '', '0000-00-00 00:00:00', ''),
(1893, 0, '0', 'Kyanamuyojo H/C III', 6, 44, 50, '772354507', '', '', '', '', '0000-00-00 00:00:00', ''),
(1894, 0, '0', 'Kahokya H/C II', 5, 40, 37, '', '', '', '', '', '0000-00-00 00:00:00', ''),
(1895, 0, '0', 'Community H/C (Kibuku)', 1, 95, 82, '777849590', '', '', '', '', '0000-00-00 00:00:00', ''),
(1896, 0, '0', 'Theresa Ledochow H/C II', 5, 90, 100, '782375510', '', '', '', '', '0000-00-00 00:00:00', ''),
(1897, 0, '0', 'Gamogo H/C III', 6, 39, 44, '', '', '', '', '', '0000-00-00 00:00:00', ''),
(1898, 0, '0', 'Otwee H/C III', 6, 5, 12, '774397446', '', '', '', '', '0000-00-00 00:00:00', ''),
(1899, 0, '0', 'Kagulu H/C II', 5, 20, 51, '750885814', '', '', '', '', '0000-00-00 00:00:00', ''),
(1900, 0, '0', 'Nyakasharara H/C II (Kabale)', 5, 30, 33, '775664930', '', '', '', '', '0000-00-00 00:00:00', ''),
(1901, 0, '0', 'Gadafi H/C III', 6, 28, 31, '782154269', '', '', '', '', '0000-00-00 00:00:00', ''),
(1902, 0, '0', 'Ryeishe H/C III', 6, 16, 19, '', '', '', '', '', '0000-00-00 00:00:00', ''),
(1903, 0, '0', 'Burungira H/C II', 5, 16, 19, '', '', '', '', '', '0000-00-00 00:00:00', ''),
(1904, 0, '0', 'SWAZI H/C III', 5, 16, 19, '', '', '', '', '', '0000-00-00 00:00:00', ''),
(1905, 0, '0', 'Rugazi Mission', 1, 113, 84, '', '', '', '', '', '0000-00-00 00:00:00', ''),
(1906, 0, '0', 'Rutoto SDA H/C  11', 5, 113, 84, '703316413', '', '', '', '', '0000-00-00 00:00:00', ''),
(1907, 0, '0', 'Tumu Hospital', 1, 109, 80, '759271751', '', '', '', '', '0000-00-00 00:00:00', ''),
(1908, 0, '0', 'Kibuza ', 1, 45, 86, '', '', '', '', '', '0000-00-00 00:00:00', ''),
(1909, 0, '0', 'Mbaba Community', 1, 45, 86, '', '', '', '', '', '0000-00-00 00:00:00', ''),
(1910, 0, '0', 'Kinaba H/C III', 6, 38, 43, '757225160', '', '', '', '', '0000-00-00 00:00:00', ''),
(1911, 0, '0', 'Nyakinoni H/C', 1, 38, 43, '', '', '', '', '', '0000-00-00 00:00:00', ''),
(1912, 0, '0', 'Nyakashozi H/C', 1, 38, 43, '', '', '', '', '', '0000-00-00 00:00:00', ''),
(1913, 0, '0', 'Kayonza Tea Factory', 1, 38, 43, '', '', '', '', '', '0000-00-00 00:00:00', ''),
(1914, 0, '0', 'Butogota HC', 1, 38, 43, '', '', '', '', '', '0000-00-00 00:00:00', ''),
(1915, 0, '0', 'Kanyantorogo HC', 1, 38, 43, '', '', '', '', '', '0000-00-00 00:00:00', ''),
(1916, 0, '0', 'Nyakisenyi PNFP ', 1, 81, 81, '782856340', '', '', '', '', '0000-00-00 00:00:00', ''),
(1917, 0, '0', 'Nteko H/C III', 6, 46, 54, '', '', '', '', '', '0000-00-00 00:00:00', ''),
(1918, 0, '0', 'Kagezi H/C III', 6, 46, 54, '', '', '', '', '', '0000-00-00 00:00:00', ''),
(1919, 0, '0', 'Nyakabande H/C II', 5, 46, 54, '', '', '', '', '', '0000-00-00 00:00:00', ''),
(1920, 0, '0', 'Bufuma H/C III', 6, 9, 97, '', '', '', '', '', '0000-00-00 00:00:00', ''),
(1921, 0, '0', 'Kemubeizi H/c', 1, 27, 87, '', '', '', '', '', '0000-00-00 00:00:00', ''),
(1922, 0, '0', 'Ruborogota H/C III', 6, 27, 87, '7742880529', '', '', '', '', '0000-00-00 00:00:00', ''),
(1923, 0, '0', 'Bumasobo H/c Iii', 6, 94, 44, '', '', '', '', '', '0000-00-00 00:00:00', ''),
(1924, 0, '0', 'Nyondo Hc Iii', 6, 57, 95, '', '', '', '', '', '0000-00-00 00:00:00', ''),
(1925, 0, '0', 'Okocho H/C II', 5, 41, 47, '754782711', '', '', '', '', '0000-00-00 00:00:00', ''),
(1926, 0, '0', 'Jupanziri H/C III', 6, 74, 78, '782692583', '', '', '', '', '0000-00-00 00:00:00', ''),
(1927, 0, '0', 'Kalagala H/C II', 5, 11, 48, '', '', '', '', '', '0000-00-00 00:00:00', ''),
(1928, 0, '0', 'Naminya H/C II', 5, 11, 48, '787037823', '', '', '', '', '0000-00-00 00:00:00', ''),
(1929, 0, '0', 'Nile Breweries H/C II', 5, 11, 48, '', '', '', '', '', '0000-00-00 00:00:00', ''),
(1930, 0, '0', 'Buziika H/C II', 5, 11, 48, '', '', '', '', '', '0000-00-00 00:00:00', ''),
(1931, 0, '0', 'Bugungu H/C III', 6, 11, 48, '', '', '', '', '', '0000-00-00 00:00:00', ''),
(1932, 0, '0', '', 1, 0, 1, '', '', '', '', '', '0000-00-00 00:00:00', ''),
(1933, 0, '0', 'Kazibz H/C II', 5, 86, 48, '', '', '', '', '', '0000-00-00 00:00:00', ''),
(1936, 0, '0', '', 1, 0, 1, '', '', '', '', '', '0000-00-00 00:00:00', ''),
(1937, 0, '0', 'Kasimba Muslim H/C II', 1, 86, 48, '', '', '', '', '', '0000-00-00 00:00:00', ''),
(1938, 0, '0', 'Kizigo H/C II', 5, 11, 48, '', '', '', '', '', '0000-00-00 00:00:00', ''),
(1939, 0, '0', 'Senyi H/C II', 5, 11, 48, '', '', '', '', '', '0000-00-00 00:00:00', ''),
(1940, 0, '0', 'Namulesa H/C II', 5, 11, 48, '', '', '', '', '', '0000-00-00 00:00:00', ''),
(1941, 0, '0', 'Living Water H/C', 5, 11, 48, '', '', '', '', '', '0000-00-00 00:00:00', ''),
(1942, 0, '0', 'Bubiro H/C II', 5, 11, 48, '', '', '', '', '', '0000-00-00 00:00:00', ''),
(1943, 0, '0', 'St.Joseph\'s Buyege H/C III', 6, 86, 24, '', '', '', '', '', '0000-00-00 00:00:00', ''),
(1944, 0, '0', 'Lweza H/C III (NGO)', 6, 86, 24, '', '', '', '', '', '0000-00-00 00:00:00', ''),
(1945, 0, '0', '', 1, 0, 1, '', '', '', '', '', '0000-00-00 00:00:00', ''),
(1946, 0, '0', 'Nyanama Domicially', 1, 86, 24, '', '', '', '', '', '0000-00-00 00:00:00', ''),
(1947, 0, '0', 'Nabbingo H/C III', 6, 86, 24, '', '', '', '', '', '0000-00-00 00:00:00', ''),
(1948, 0, '0', 'Katende H/C ', 1, 86, 24, '', '', '', '', '', '0000-00-00 00:00:00', ''),
(1949, 0, '0', 'Busesebba H/C III', 6, 86, 24, '', '', '', '', '', '0000-00-00 00:00:00', ''),
(1950, 0, '0', 'Busambala H/C III ', 6, 86, 24, '', '', '', '', '', '0000-00-00 00:00:00', ''),
(1951, 0, '0', 'Emmanuel Medical Centre', 1, 86, 24, '', '', '', '', '', '0000-00-00 00:00:00', ''),
(1952, 0, '0', 'Muduuma H/C II', 5, 67, 26, '', '', '', '', '', '0000-00-00 00:00:00', ''),
(1953, 0, '0', 'Rapha H/C', 1, 67, 26, '', '', '', '', '', '0000-00-00 00:00:00', ''),
(1954, 0, '0', 'Kilokola H/C II', 5, 88, 26, '', '', '', '', '', '0000-00-00 00:00:00', ''),
(1955, 0, '0', 'Kibanga H/C III (St Elisabeth of thuringen ) ', 6, 67, 26, '', '', '', '', '', '0000-00-00 00:00:00', ''),
(1956, 0, '0', 'Kabasanda H/C II', 5, 88, 26, '', '', '', '', '', '0000-00-00 00:00:00', ''),
(1957, 0, '0', 'Mpigi Police', 1, 67, 26, '', '', '', '', '', '0000-00-00 00:00:00', ''),
(1958, 0, '0', 'Kibigga', 1, 88, 26, '', '', '', '', '', '0000-00-00 00:00:00', ''),
(1959, 0, '0', 'Bugobango H/C', 1, 88, 26, '', '', '', '', '', '0000-00-00 00:00:00', ''),
(1960, 0, '0', 'Kiddawalime ', 1, 88, 26, '', '', '', '', '', '0000-00-00 00:00:00', ''),
(1961, 0, '0', 'Rapha NGO', 1, 88, 26, '', '', '', '', '', '0000-00-00 00:00:00', ''),
(1962, 0, '0', 'Ngomanene ', 1, 89, 26, '', '', '', '', '', '0000-00-00 00:00:00', ''),
(1963, 0, '0', 'Ngelibalya H/C II', 1, 88, 26, '', '', '', '', '', '0000-00-00 00:00:00', ''),
(1964, 0, '0', 'Ngomanene H/C III', 5, 88, 89, '', '', '', '', '', '0000-00-00 00:00:00', ''),
(1965, 0, '0', 'Kanzire H/C III', 5, 88, 26, '', '', '', '', '', '0000-00-00 00:00:00', ''),
(1966, 0, '0', 'Jinja Police H/C III (Maternity)', 6, 28, 31, '701156403', '', '', '', '', '0000-00-00 00:00:00', ''),
(1967, 0, '0', 'Kiyindi Landing Site', 1, 69, 49, '', '', '', '', '', '0000-00-00 00:00:00', ''),
(1968, 0, '0', 'Royal Zan Vanten', 5, 69, 49, '', '', '', '', '', '0000-00-00 00:00:00', ''),
(1969, 0, '0', 'KIgogola H/C II', 5, 69, 49, '', '', '', '', '', '0000-00-00 00:00:00', ''),
(1970, 0, '0', 'Seeta-Kasawo H/C II', 5, 69, 49, '', '', '', '', '', '0000-00-00 00:00:00', ''),
(1971, 0, '0', 'Seeta-Namuganga', 6, 42, 49, '', '', '', '', '', '0000-00-00 00:00:00', ''),
(1972, 0, '0', 'Opopong H/C II', 5, 1, 5, '', '', '', '', '', '0000-00-00 00:00:00', ''),
(1973, 0, '0', 'Oretha H/C II', 5, 1, 5, '', '', '', '', '', '0000-00-00 00:00:00', ''),
(1974, 0, '0', 'Pupukanya H/C II', 5, 1, 5, '', '', '', '', '', '0000-00-00 00:00:00', ''),
(1975, 0, '0', 'Obokolome H/C II', 5, 1, 5, '', '', '', '', '', '0000-00-00 00:00:00', ''),
(1976, 0, '0', 'Katabok H/C II', 5, 1, 5, '', '', '', '', '', '0000-00-00 00:00:00', ''),
(1977, 0, '0', 'Kiru H/C II', 5, 1, 5, '', '', '', '', '', '0000-00-00 00:00:00', ''),
(1978, 0, '0', 'Adea H/C II', 5, 1, 5, '', '', '', '', '', '0000-00-00 00:00:00', ''),
(1979, 0, '0', 'Gagming H/C II', 5, 1, 5, '', '', '', '', '', '0000-00-00 00:00:00', ''),
(1980, 0, '0', 'Awach H/C II', 5, 1, 5, '', '', '', '', '', '0000-00-00 00:00:00', ''),
(1981, 0, '0', 'Anita H/C II', 5, 1, 5, '', '', '', '', '', '0000-00-00 00:00:00', ''),
(1982, 0, '0', 'Kamu H/C II', 5, 1, 5, '', '', '', '', '', '0000-00-00 00:00:00', ''),
(1983, 0, '0', 'Atunga H/C II ', 5, 1, 5, '', '', '', '', '', '0000-00-00 00:00:00', ''),
(1984, 0, '0', 'Wilala H/C II', 5, 1, 5, '', '', '', '', '', '0000-00-00 00:00:00', ''),
(1985, 0, '0', 'Koya H/C II', 5, 1, 5, '', '', '', '', '', '0000-00-00 00:00:00', ''),
(1987, 0, '0', 'Masajja H/C III', 6, 86, 24, '', '', '', '', '', '0000-00-00 00:00:00', ''),
(1988, 0, '0', 'Kitooro H/C II (Private)', 5, 86, 24, '', '', '', '', '', '0000-00-00 00:00:00', ''),
(1989, 0, '0', '', 1, 0, 1, '', '', '', '', '', '0000-00-00 00:00:00', ''),
(1990, 0, '0', '', 1, 0, 1, '', '', '', '', '', '0000-00-00 00:00:00', ''),
(1991, 0, '0', 'Kibugga H/C III', 6, 67, 26, '', '', '', '', '', '0000-00-00 00:00:00', ''),
(1992, 0, '0', 'Kkonge H/C II', 5, 67, 24, '', '', '', '', '', '0000-00-00 00:00:00', ''),
(1993, 0, '0', 'Nanyonia Angikalio H/C III', 6, 70, 94, '', '', '', '', '', '0000-00-00 00:00:00', ''),
(1994, 0, '0', 'Moruita H/C III', 6, 70, 94, '', '', '', '', '', '0000-00-00 00:00:00', ''),
(1995, 0, '0', 'Alakas H/C II', 5, 70, 94, '', '', '', '', '', '0000-00-00 00:00:00', ''),
(1996, 0, '0', 'Natirae H/C II', 5, 70, 94, '', '', '', '', '', '0000-00-00 00:00:00', ''),
(1997, 0, '0', 'Nakaale H/C II', 5, 70, 94, '', '', '', '', '', '0000-00-00 00:00:00', ''),
(1998, 0, '0', 'Nabulenger H/C II', 5, 70, 94, '', '', '', '', '', '0000-00-00 00:00:00', ''),
(1999, 0, '0', 'Namalu Prison H/C II', 5, 70, 94, '', '', '', '', '', '0000-00-00 00:00:00', ''),
(2000, 0, '0', 'St Mathias Amaler H/C III', 6, 70, 94, '778926667', '', '', '', '', '0000-00-00 00:00:00', ''),
(2001, 0, '0', 'Apapai H/C II', 5, 32, 34, '', '', '', '', '', '0000-00-00 00:00:00', ''),
(2002, 0, '0', 'Nakibizzi H/C II', 5, 11, 48, '', '', '', '', '', '0000-00-00 00:00:00', ''),
(2003, 0, '0', 'Kisimbi Muslim H/C II', 5, 11, 48, '', '', '', '', '', '0000-00-00 00:00:00', ''),
(2004, 0, '0', 'Dungi H/C II', 5, 11, 48, '', '', '', '', '', '0000-00-00 00:00:00', ''),
(2006, 0, '0', 'Lookorok H/C II', 6, 49, 57, '', '', '', '', '', '0000-00-00 00:00:00', ''),
(2007, 0, '0', 'Brigade H/C II', 5, 49, 57, '', '', '', '', '', '0000-00-00 00:00:00', ''),
(2008, 0, '0', 'Napumpum H/C II', 5, 49, 57, '', '', '', '', '', '0000-00-00 00:00:00', ''),
(2009, 0, '0', 'Nakwakwa', 5, 49, 57, '', '', '', '', '', '0000-00-00 00:00:00', ''),
(2010, 0, '0', 'Losilang H/C II', 5, 49, 57, '', '', '', '', '', '0000-00-00 00:00:00', ''),
(2011, 0, '0', 'Lobalangit H/C II', 5, 29, 32, '', '', '', '', '', '0000-00-00 00:00:00', ''),
(2012, 0, '0', 'Moulem H/C II', 5, 1, 5, '', '', '', '', '', '0000-00-00 00:00:00', ''),
(2014, 0, '0', 'Pire H/C II', 5, 29, 32, '', '', '', '', '', '0000-00-00 00:00:00', ''),
(2015, 0, '0', 'Lokori H/C II', 5, 29, 32, '', '', '', '', '', '0000-00-00 00:00:00', ''),
(2016, 0, '0', 'Kopoth H/C II', 5, 29, 32, '', '', '', '', '', '0000-00-00 00:00:00', ''),
(2017, 0, '0', 'Lochom H/C II', 5, 29, 32, '', '', '', '', '', '0000-00-00 00:00:00', ''),
(2018, 0, '0', 'Kakamar H/C II', 5, 29, 32, '', '', '', '', '', '0000-00-00 00:00:00', ''),
(2019, 0, '0', 'Kocholo H/C II', 5, 29, 32, '', '', '', '', '', '0000-00-00 00:00:00', ''),
(2020, 0, '0', 'St Jude (Kidepo) H/C II', 5, 29, 32, '', '', '', '', '', '0000-00-00 00:00:00', ''),
(2021, 0, '0', 'Kamion H/C II', 5, 29, 32, '', '', '', '', '', '0000-00-00 00:00:00', ''),
(2022, 0, '0', 'Lokwakalamoe H/C II', 5, 29, 32, '', '', '', '', '', '0000-00-00 00:00:00', ''),
(2023, 0, '0', 'Loyoro H/C II', 5, 29, 32, '', '', '', '', '', '0000-00-00 00:00:00', ''),
(2024, 0, '0', 'Lokanayona H/C II', 5, 29, 32, '', '', '', '', '', '0000-00-00 00:00:00', ''),
(2025, 0, '0', 'Kidepo H/C II', 5, 29, 32, '', '', '', '', '', '0000-00-00 00:00:00', ''),
(2026, 0, '0', 'Lomeris H/C II', 5, 29, 32, '', '', '', '', '', '0000-00-00 00:00:00', ''),
(2027, 0, '0', 'Lokerui H/C II', 5, 29, 32, '', '', '', '', '', '0000-00-00 00:00:00', ''),
(2028, 0, '0', 'Lokolia H/C II', 5, 29, 32, '', '', '', '', '', '0000-00-00 00:00:00', ''),
(2029, 0, '0', 'Kaadong Mission H/C II', 5, 29, 32, '', '', '', '', '', '0000-00-00 00:00:00', ''),
(2030, 0, '0', 'Kalimon H/C II', 5, 29, 32, '', '', '', '', '', '0000-00-00 00:00:00', ''),
(2031, 0, '0', 'Lomodoch H/C II', 5, 29, 32, '', '', '', '', '', '0000-00-00 00:00:00', ''),
(2032, 0, '0', 'Kaimese H/C II', 5, 29, 32, '', '', '', '', '', '0000-00-00 00:00:00', ''),
(2033, 0, '0', 'Narengepak H//C II', 5, 29, 32, '', '', '', '', '', '0000-00-00 00:00:00', ''),
(2034, 0, '0', 'Gwere H/C II', 5, 66, 75, '', '', '', '', '', '0000-00-00 00:00:00', ''),
(2035, 0, '0', 'Iboa H/C II', 5, 66, 75, '', '', '', '', '', '0000-00-00 00:00:00', ''),
(2036, 0, '0', 'Indilinga H/C II', 5, 66, 75, '', '', '', '', '', '0000-00-00 00:00:00', ''),
(2037, 0, '0', 'Besia H/C III', 6, 66, 75, '', '', '', '', '', '0000-00-00 00:00:00', ''),
(2038, 0, '0', 'Lama H/C II', 5, 66, 75, '', '', '', '', '', '0000-00-00 00:00:00', ''),
(2039, 0, '0', 'Gbalala H/C II', 5, 66, 75, '', '', '', '', '', '0000-00-00 00:00:00', ''),
(2040, 0, '0', 'Lomunga H/C II', 5, 66, 75, '', '', '', '', '', '0000-00-00 00:00:00', ''),
(2041, 0, '0', 'Goopi H/C II', 5, 66, 75, '', '', '', '', '', '0000-00-00 00:00:00', ''),
(2042, 0, '0', 'Logoba H/C III', 6, 66, 75, '78550430', '', '', '', '', '0000-00-00 00:00:00', ''),
(2043, 0, '0', 'FR.Bilbao H/C III', 6, 66, 75, '', '', '', '', '', '0000-00-00 00:00:00', ''),
(2044, 0, '0', 'Showers H/C ', 1, 74, 78, '', '', '', '', '', '0000-00-00 00:00:00', ''),
(2045, 0, '0', 'Akworo H/C III', 6, 74, 78, '', '', '', '', '', '0000-00-00 00:00:00', ''),
(2046, 0, '0', 'Pakwach Mission H/C ', 1, 74, 78, '', '', '', '', '', '0000-00-00 00:00:00', ''),
(2047, 0, '0', 'Kigo Prisons H/C III', 6, 86, 24, '', '', '', '', '', '0000-00-00 00:00:00', ''),
(2048, 0, '0', 'Nsonzibbirye H/C II', 5, 88, 26, '', '', '', '', '', '0000-00-00 00:00:00', ''),
(2049, 0, '0', 'Ikamiro H/C II', 5, 30, 33, '', '', '', '', '', '0000-00-00 00:00:00', ''),
(2050, 0, '0', 'Kikandwa H/C II', 5, 68, 46, '774192370', '', '', '', '', '0000-00-00 00:00:00', ''),
(2051, 0, '0', 'Kanjobe H/C II', 5, 30, 33, '773096721', '', '', '', '', '0000-00-00 00:00:00', ''),
(2052, 0, '0', 'Buddabugya H/C III', 6, 71, 79, '785732683', '', '', '', '', '0000-00-00 00:00:00', ''),
(2053, 0, '0', 'Kaweweta H/C III', 6, 71, 79, '775108554', '', '', '', '', '0000-00-00 00:00:00', ''),
(2054, 0, '0', 'Kasambya H/C II (Gomba)', 5, 89, 89, '', '', '', '', '', '0000-00-00 00:00:00', ''),
(2055, 0, '0', 'Mamba H/C II', 5, 89, 89, '', '', '', '', '', '0000-00-00 00:00:00', ''),
(2056, 0, '0', 'Namabeya H/C II', 5, 89, 89, '', '', '', '', '', '0000-00-00 00:00:00', ''),
(2057, 0, '0', 'Mawuki H/C II', 5, 89, 89, '', '', '', '', '', '0000-00-00 00:00:00', ''),
(2058, 0, '0', 'Kitwe H/C II', 5, 89, 89, '', '', '', '', '', '0000-00-00 00:00:00', ''),
(2059, 0, '0', 'Luwero Industries', 1, 72, 77, '', '', '', '', '', '0000-00-00 00:00:00', ''),
(2060, 0, '0', 'Franciscan H/C KAKOOGE', 1, 72, 77, '', '', '', '', '', '0000-00-00 00:00:00', ''),
(2061, 0, '0', 'Kyangato H/C II', 5, 71, 79, '', '', '', '', '', '0000-00-00 00:00:00', ''),
(2062, 0, '0', 'Nakaseeta H/C II', 5, 71, 79, '', '', '', '', '', '0000-00-00 00:00:00', ''),
(2063, 0, '0', 'Kakoola H/C III', 6, 71, 79, '772611417', '', '', '', '', '0000-00-00 00:00:00', ''),
(2064, 0, '0', 'Lusangya H/C II', 5, 71, 79, '', '', '', '', '', '0000-00-00 00:00:00', ''),
(2065, 0, '0', 'Namuusale H/C II', 5, 71, 79, '', '', '', '', '', '0000-00-00 00:00:00', ''),
(2066, 0, '0', 'Kabatema H/C II', 5, 56, 64, '', '', '', '', '', '0000-00-00 00:00:00', ''),
(2067, 0, '0', 'Lyakajura H/C III', 6, 71, 64, '', '', '', '', '', '0000-00-00 00:00:00', ''),
(2068, 0, '0', 'Lwengenyi H/C III', 6, 56, 64, '', '', '', '', '', '0000-00-00 00:00:00', ''),
(2069, 0, '0', 'Kyazanga Muslim H/C III', 6, 56, 115, '', '', '', '', '', '0000-00-00 00:00:00', ''),
(2070, 0, '0', 'Kabayanda H/C II', 5, 56, 64, '', '', '', '', '', '0000-00-00 00:00:00', ''),
(2071, 0, '0', 'Orient Medical Centre', 1, 55, 63, '', '', '', '', '', '0000-00-00 00:00:00', ''),
(2072, 0, '0', 'ST JOSEPH  H/ C III(Madudu)', 6, 68, 46, '784921517', '', '', '', '', '0000-00-00 00:00:00', ''),
(2073, 0, '0', 'JCRC Lubowa(Wakiso)', 12, 86, 41, '774576204', '', '', '', '', '0000-00-00 00:00:00', ''),
(2074, 0, '0', 'Bubalya H/C III', 6, 18, 20, '755480363', '', '', '', '', '0000-00-00 00:00:00', ''),
(2075, 0, '0', 'Ngenge H/C III', 6, 96, 44, '701755943', '', '', '', '', '0000-00-00 00:00:00', ''),
(2076, 0, '0', 'Nazigo Mission H/C II', 5, 42, 49, '', '', '', '', '', '0000-00-00 00:00:00', ''),
(2077, 0, '0', 'Bukamba H/C II', 5, 42, 49, '', '', '', '', '', '0000-00-00 00:00:00', ''),
(2078, 0, '0', 'Nakatovu H/C II', 5, 42, 49, '', '', '', '', '', '0000-00-00 00:00:00', ''),
(2079, 0, '0', 'Namusaala H/C II', 5, 42, 49, '', '', '', '', '', '0000-00-00 00:00:00', ''),
(2080, 0, '0', 'Namuyenje H/C II', 5, 69, 49, '', '', '', '', '', '0000-00-00 00:00:00', ''),
(2081, 0, '0', 'Kiyoola H/C II', 5, 69, 49, '', '', '', '', '', '0000-00-00 00:00:00', ''),
(2082, 0, '0', 'Diika H/C II', 5, 110, 53, '', '', '', '', '', '0000-00-00 00:00:00', ''),
(2083, 0, '0', 'Kangalaba H/C III', 6, 18, 20, '751622941', '', '', '', '', '0000-00-00 00:00:00', ''),
(2084, 0, '0', 'Kabizzi H/C II', 5, 11, 48, '752813722', '', '', '', '', '0000-00-00 00:00:00', ''),
(2085, 0, '0', 'Budongo H/C II', 5, 60, 69, '', '', '', '', '', '0000-00-00 00:00:00', ''),
(2086, 0, '0', 'Ntooma H/C II', 5, 60, 69, '', '', '', '', '', '0000-00-00 00:00:00', ''),
(2087, 0, '0', 'Masindi Kitara Medical Center', 1, 60, 69, 'Kitara H/C III', '', '', '', '', '0000-00-00 00:00:00', ''),
(2088, 0, '0', 'Kitanyata H/C II', 5, 60, 69, '', '', '', '', '', '0000-00-00 00:00:00', ''),
(2089, 0, '0', 'Kugezi H/C II', 5, 60, 69, '', '', '', '', '', '0000-00-00 00:00:00', ''),
(2090, 0, '0', 'Kigenga H/C II', 5, 60, 69, '', '', '', '', '', '0000-00-00 00:00:00', ''),
(2091, 0, '0', 'Karungu H/C III', 6, 110, 53, '', '', '', '', '', '0000-00-00 00:00:00', ''),
(2092, 0, '0', 'Kigwera H/C II', 5, 14, 16, '', '', '', '', '', '0000-00-00 00:00:00', ''),
(2093, 0, '0', 'Avogera H/C II', 5, 14, 16, '777318720', '', '', '', '', '0000-00-00 00:00:00', ''),
(2094, 0, '0', 'Uganda Matyrs H/C II', 5, 14, 16, '', '', '', '', '', '0000-00-00 00:00:00', ''),
(2095, 0, '0', 'Kihungya H/C II', 5, 14, 16, '', '', '', '', '', '0000-00-00 00:00:00', ''),
(2096, 0, '0', 'Sofad H/C II', 5, 14, 16, '', '', '', '', '', '0000-00-00 00:00:00', ''),
(2097, 0, '0', 'Kyakabadiima H/C II', 5, 43, 36, '', '', '', '', '', '0000-00-00 00:00:00', ''),
(2098, 0, '0', 'Galibileka H/C II', 5, 43, 36, '', '', '', '', '', '0000-00-00 00:00:00', ''),
(2099, 0, '0', 'Burora H/C II', 5, 43, 36, '775196657', '', '', '', '', '0000-00-00 00:00:00', ''),
(2100, 0, '0', 'Mugalike H/C III', 6, 43, 36, '', '', '', '', '', '0000-00-00 00:00:00', ''),
(2101, 0, '0', 'Mugalike H/C II', 5, 43, 36, '', '', '', '', '', '0000-00-00 00:00:00', ''),
(2102, 0, '0', 'Kyabasala H/C II', 5, 43, 36, '', '', '', '', '', '0000-00-00 00:00:00', ''),
(2103, 0, '0', 'Mabira H/C III', 6, 52, 36, '', '', '', '', '', '0000-00-00 00:00:00', ''),
(2104, 0, '0', 'St Marys H/C III(Kibaale)', 6, 43, 38, '', '', '', '', '', '0000-00-00 00:00:00', ''),
(2105, 0, '0', 'Bathania H/C III', 6, 43, 38, '', '', '', '', '', '0000-00-00 00:00:00', ''),
(2106, 0, '0', 'Kabubwa H/C II', 5, 43, 38, '', '', '', '', '', '0000-00-00 00:00:00', '');
INSERT INTO `facility` (`id`, `parentid`, `code`, `name`, `facilitylevelid`, `districtid`, `hubid`, `phone`, `email`, `contactperson`, `physicaladdress`, `returnaddress`, `created`, `createdby`) VALUES
(2107, 0, '0', 'Mpasaana H/C II', 5, 43, 38, '', '', '', '', '', '0000-00-00 00:00:00', ''),
(2108, 0, '0', 'St Luke Bujuni H/C III (Kibaale)', 6, 43, 38, '', '', '', '', '', '0000-00-00 00:00:00', ''),
(2109, 0, '0', '', 1, 0, 1, '', '', '', '', '', '0000-00-00 00:00:00', ''),
(2110, 0, '0', 'St Aulistin H/C III', 6, 43, 38, '', '', '', '', '', '0000-00-00 00:00:00', ''),
(2111, 0, '0', 'Seeta H/C II', 5, 44, 50, '', '', '', '', '', '0000-00-00 00:00:00', ''),
(2112, 0, '0', 'Agape H/C III', 6, 44, 50, '', '', '', '', '', '0000-00-00 00:00:00', ''),
(2113, 0, '0', 'Nyamiranga H/C III', 6, 44, 50, '', '', '', '', '', '0000-00-00 00:00:00', ''),
(2114, 0, '0', 'Bamusuta H/C II', 5, 44, 50, '', '', '', '', '', '0000-00-00 00:00:00', ''),
(2115, 0, '0', 'Vumba H/C II', 5, 91, 50, '', '', '', '', '', '0000-00-00 00:00:00', ''),
(2116, 0, '0', 'Bbira H/C II', 5, 0, 46, '', '', '', '', '', '0000-00-00 00:00:00', ''),
(2117, 0, '0', 'Karongo H/C III', 6, 24, 28, '703599289', '', '', '', '', '0000-00-00 00:00:00', ''),
(2118, 0, '0', 'Kasambya H/C III (Kibaale)', 6, 43, 38, '778103303', '', '', '', '', '0000-00-00 00:00:00', ''),
(2119, 0, '0', 'Kasaana H/C III', 6, 27, 87, '758115686', '', '', '', '', '0000-00-00 00:00:00', ''),
(2120, 0, '0', 'Bucundura H/C II', 5, 30, 33, '', '', '', '', '', '0000-00-00 00:00:00', ''),
(2121, 0, '0', 'Kwanyiny', 6, 96, 44, '', '', '', '', '', '0000-00-00 00:00:00', ''),
(2122, 0, '0', 'Awaliwal H/C II', 5, 84, 92, '774751438', '', '', '', '', '0000-00-00 00:00:00', ''),
(2123, 0, '0', 'Siita Save Life H/C III', 6, 8, 70, '', '', '', '', '', '0000-00-00 00:00:00', ''),
(2124, 0, '0', '', 1, 0, 1, '', '', '', '', '', '0000-00-00 00:00:00', ''),
(2125, 0, '0', 'Buhaghura H/C III', 6, 40, 52, '772824124', '', '', '', '', '0000-00-00 00:00:00', ''),
(2126, 0, '0', 'Bumadanda H/C III', 6, 62, 70, '', '', '', '', '', '0000-00-00 00:00:00', ''),
(2127, 0, '0', 'Kyantungo H/C IV', 7, 64, 73, '782492377', '', '', '', '', '0000-00-00 00:00:00', ''),
(2128, 0, '0', '', 1, 0, 1, '', '', '', '', '', '0000-00-00 00:00:00', ''),
(2129, 0, '0', 'Cardinal Nsubuga H/C III', 6, 64, 73, '', '', '', '', '', '0000-00-00 00:00:00', ''),
(2130, 0, '0', '', 1, 0, 1, '', '', '', '', '', '0000-00-00 00:00:00', ''),
(2131, 0, '0', 'Manya H/C III', 6, 80, 83, '', '', '', '', '', '0000-00-00 00:00:00', ''),
(2132, 0, '0', 'Kibaale  H/C II( Rakai)', 5, 80, 83, '772324018', '', '', '', '', '0000-00-00 00:00:00', ''),
(2133, 0, '0', 'Nazareth H/C II', 5, 80, 83, '', '', '', '', '', '0000-00-00 00:00:00', ''),
(2134, 0, '0', 'St Gyaviira Domicilliary Cilinic', 1, 80, 83, '', '', '', '', '', '0000-00-00 00:00:00', ''),
(2135, 0, '0', 'St Martin  Clinic (Bukunda)', 3, 80, 83, '703832444', '', '', '', '', '0000-00-00 00:00:00', ''),
(2136, 0, '0', 'Pawor H/C III', 6, 7, 11, '781409007', '', '', '', '', '0000-00-00 00:00:00', ''),
(2137, 0, '0', 'Wanale H/C III', 6, 62, 70, '775407290', '', '', '', '', '0000-00-00 00:00:00', ''),
(2138, 0, '0', 'Sagitu H/C II', 5, 61, 29, '', '', '', '', '', '0000-00-00 00:00:00', ''),
(2139, 0, '0', 'St Francis Of Asiisi Marternity Home (lukaya)', 3, 90, 100, '772571917', '', '', '', '', '0000-00-00 00:00:00', ''),
(2140, 0, '0', 'Bulucheke H/c III', 6, 9, 97, '', '', '', '', '', '0000-00-00 00:00:00', ''),
(2141, 0, '0', 'Ongutoi Health Center', 1, 4, 8, '', '', '', '', '', '0000-00-00 00:00:00', ''),
(2142, 0, '0', 'Nyamityobora H/C III', 6, 63, 71, '', '', '', '', '', '0000-00-00 00:00:00', ''),
(2143, 0, '0', 'Bunapongo H/C III', 6, 62, 70, '775028600', '', '', '', '', '0000-00-00 00:00:00', ''),
(2144, 0, '0', 'Kawoko muslim H/C III', 6, 93, 93, '751075596', '', '', '', '', '0000-00-00 00:00:00', ''),
(2145, 0, '0', 'Teguzibirwa Dom ', 3, 90, 68, '701483245', '', '', '', '', '0000-00-00 00:00:00', ''),
(2146, 0, '0', 'Pajulu H/C III (Arua)', 6, 7, 11, '774084117', '', '', '', '', '0000-00-00 00:00:00', ''),
(2147, 0, '0', 'Buke Nursing Home', 1, 93, 93, '', '', '', '', '', '0000-00-00 00:00:00', ''),
(2148, 0, '0', 'Kasasira H/C III', 6, 95, 82, '782147786', '', '', '', '', '0000-00-00 00:00:00', ''),
(2149, 0, '0', 'Kitooro H/C III', 6, 86, 24, '', '', '', '', '', '0000-00-00 00:00:00', ''),
(2150, 0, '0', 'Koch Lii H/C II', 5, 106, 10, '793767878', '', '', '', '', '0000-00-00 00:00:00', ''),
(2151, 0, '0', 'Touch Namuwongo (IHK)', 9, 35, 41, 'Immaculate Mbabazi', '', '', '', '', '0000-00-00 00:00:00', ''),
(2152, 0, '0', 'Marine Military H/C II', 5, 14, 16, '700404143', '', '', '', '', '0000-00-00 00:00:00', ''),
(2154, 0, '0', 'Muzito Cilinic', 12, 80, 83, '781554717', '', '', '', '', '0000-00-00 00:00:00', ''),
(2155, 0, '0', 'Atari H/C II', 5, 39, 44, '', '', '', '', '', '0000-00-00 00:00:00', ''),
(2156, 0, '0', 'Chepsukunya H/C II', 5, 0, 44, '', '', '', '', '', '0000-00-00 00:00:00', ''),
(2157, 0, '0', 'Sundet H/C II', 5, 0, 44, '', '', '', '', '', '0000-00-00 00:00:00', ''),
(2158, 0, '0', 'Kiriki H/C II', 5, 39, 44, '', '', '', '', '', '0000-00-00 00:00:00', ''),
(2159, 0, '0', 'Kapteror H/C II', 5, 39, 44, '', '', '', '', '', '0000-00-00 00:00:00', ''),
(2160, 0, '0', 'Chemwon H/C III', 6, 96, 44, '', '', '', '', '', '0000-00-00 00:00:00', ''),
(2161, 0, '0', 'Tukumo H/C II', 5, 39, 44, '', '', '', '', '', '0000-00-00 00:00:00', ''),
(2162, 0, '0', 'Mengya H/C II', 5, 39, 44, '', '', '', '', '', '0000-00-00 00:00:00', ''),
(2163, 0, '0', 'Terenboy H/C II', 5, 39, 44, '', '', '', '', '', '0000-00-00 00:00:00', ''),
(2164, 0, '0', 'Konta H/C II', 5, 39, 44, '', '', '', '', '', '0000-00-00 00:00:00', ''),
(2165, 0, '0', 'Nsanvu H/C II', 5, 55, 63, '782775162', '', '', '', '', '0000-00-00 00:00:00', ''),
(2166, 0, '0', 'Ukusijoni H/C III', 6, 2, 6, '779200342', '', '', '', '', '0000-00-00 00:00:00', ''),
(2167, 0, '0', 'Kabelyo H/C II', 5, 39, 44, '', '', '', '', '', '0000-00-00 00:00:00', ''),
(2168, 0, '0', 'Kwarus H/C II', 5, 39, 44, '', '', '', '', '', '0000-00-00 00:00:00', ''),
(2169, 0, '0', 'Kaserem Christian H/C II', 5, 39, 44, '', '', '', '', '', '0000-00-00 00:00:00', ''),
(2170, 0, '0', '', 1, 0, 1, '', '', '', '', '', '0000-00-00 00:00:00', ''),
(2171, 0, '0', 'Bukhalu H/C III', 6, 94, 44, '', '', '', '', '', '0000-00-00 00:00:00', ''),
(2172, 0, '0', 'Bumugusha H/C III', 6, 39, 44, '', '', '', '', '', '0000-00-00 00:00:00', ''),
(2173, 0, '0', 'Kwoti H/C II', 5, 39, 44, '', '', '', '', '', '0000-00-00 00:00:00', ''),
(2174, 0, '0', 'Kapkwomurya H/C II', 5, 39, 44, '', '', '', '', '', '0000-00-00 00:00:00', ''),
(2175, 0, '0', 'Tumboboi H/C II', 5, 39, 44, '', '', '', '', '', '0000-00-00 00:00:00', ''),
(2176, 0, '0', 'Kaplelko H/C II', 5, 39, 44, '', '', '', '', '', '0000-00-00 00:00:00', ''),
(2177, 0, '0', 'Reproductive Health Medical Center II', 5, 39, 44, '', '', '', '', '', '0000-00-00 00:00:00', ''),
(2178, 0, '0', 'Gamatui H/C II', 6, 39, 44, '', '', '', '', '', '0000-00-00 00:00:00', ''),
(2179, 0, '0', 'Lumino Catholic', 1, 17, 67, '', '', '', '', '', '0000-00-00 00:00:00', ''),
(2180, 0, '0', 'Namungodi H/C II', 5, 17, 67, '', '', '', '', '', '0000-00-00 00:00:00', ''),
(2181, 0, '0', 'Buwembe H/C II', 5, 17, 67, '', '', '', '', '', '0000-00-00 00:00:00', ''),
(2182, 0, '0', 'Buwumba H/C III', 6, 17, 67, '', '', '', '', '', '0000-00-00 00:00:00', ''),
(2183, 0, '0', 'Busia Police', 1, 17, 67, '', '', '', '', '', '0000-00-00 00:00:00', ''),
(2184, 0, '0', 'Nabuule H/C III', 6, 79, 82, '', '', '', '', '', '0000-00-00 00:00:00', ''),
(2185, 0, '0', 'Mpongi H/C III', 6, 79, 82, '', '', '', '', '', '0000-00-00 00:00:00', ''),
(2186, 0, '0', 'Limoto H/C III', 6, 79, 82, '', '', '', '', '', '0000-00-00 00:00:00', ''),
(2188, 0, '0', 'Kabweri H/C II', 5, 79, 82, '', '', '', '', '', '0000-00-00 00:00:00', ''),
(2189, 0, '0', 'Oloko H/C III', 6, 79, 82, '', '', '', '', '', '0000-00-00 00:00:00', ''),
(2190, 0, '0', 'Kaukura H/C II', 5, 79, 82, '', '', '', '', '', '0000-00-00 00:00:00', ''),
(2191, 0, '0', 'Kaucho Mission H/CIII', 6, 79, 82, '', '', '', '', '', '0000-00-00 00:00:00', ''),
(2192, 0, '0', 'Kaboloi H/C III', 6, 79, 82, '', '', '', '', '', '0000-00-00 00:00:00', ''),
(2193, 0, '0', 'Kapwai Pacodat H/C III', 6, 79, 82, '', '', '', '', '', '0000-00-00 00:00:00', ''),
(2194, 0, '0', 'Obutete H/C II', 5, 79, 82, '', '', '', '', '', '0000-00-00 00:00:00', ''),
(2195, 0, '0', 'Oladot H/C III', 6, 79, 82, '', '', '', '', '', '0000-00-00 00:00:00', ''),
(2196, 0, '0', 'Kapwai H/C III', 6, 79, 82, '', '', '', '', '', '0000-00-00 00:00:00', ''),
(2197, 0, '0', 'Mary Land H/C II', 6, 2, 6, '777450165', '', '', '', '', '0000-00-00 00:00:00', ''),
(2198, 0, '0', 'Kagwara H/C II', 5, 100, 90, '750723809', '', '', '', '', '0000-00-00 00:00:00', ''),
(2199, 0, '0', 'Kabamba Military Hospital', 9, 68, 76, '773774770', '', '', '', '', '0000-00-00 00:00:00', ''),
(2200, 0, '0', 'Pakegido H/C III', 6, 32, 34, '779360008', '', '', '', '', '0000-00-00 00:00:00', ''),
(2201, 0, '0', 'Kampala West Medical Clinic', 1, 35, 41, '775051525', '', '', '', '', '0000-00-00 00:00:00', ''),
(2202, 0, '0', 'St Magdalene H/c II', 5, 86, 24, '779326094', '', '', '', '', '0000-00-00 00:00:00', ''),
(2203, 0, '0', 'Todora H/C II', 5, 106, 10, '782040746', '', '', '', '', '0000-00-00 00:00:00', ''),
(2204, 0, '0', 'Community H/C (Kaliro)', 1, 34, 41, '754341786', '', '', '', '', '0000-00-00 00:00:00', ''),
(2205, 0, '0', 'Makhonje H/C III', 6, 62, 70, '', '', '', '', '', '0000-00-00 00:00:00', ''),
(2206, 0, '0', 'MUJHU (Mulago)', 3, 35, 41, '772618577', '', '', '', '', '0000-00-00 00:00:00', ''),
(2207, 0, '0', 'Ogako H/C II', 5, 53, 65, '', '', '', '', '', '0000-00-00 00:00:00', ''),
(2208, 0, '0', 'Kortek H/C III', 6, 13, 44, '', '', '', '', '', '0000-00-00 00:00:00', ''),
(2209, 0, '0', 'Aparanga H/C II', 5, 106, 10, '712654165', '', '', '', '', '0000-00-00 00:00:00', ''),
(2210, 0, '0', 'Soroti Medical Associate Nursing Home', 1, 84, 92, '777193932', '', '', '', '', '0000-00-00 00:00:00', ''),
(2212, 0, '0', 'Kaliro Medical Center', 1, 34, 17, '750566434', '', '', '', '', '0000-00-00 00:00:00', ''),
(2213, 0, '0', 'Lugala H/C III', 6, 11, 48, '', '', '', '', '', '0000-00-00 00:00:00', ''),
(2215, 0, '0', 'Qudrah Medical Center', 1, 86, 24, '', '', '', '', '', '0000-00-00 00:00:00', ''),
(2216, 0, '0', 'Kikwayi H/C II', 5, 11, 48, '', '', '', '', '', '0000-00-00 00:00:00', ''),
(2217, 0, '0', 'Bukomansimbi Medical Centre', 1, 93, 93, '753331341', '', '', '', '', '0000-00-00 00:00:00', ''),
(2218, 0, '0', 'Hakishenyi H/C II', 5, 30, 33, '', '', '', '', '', '0000-00-00 00:00:00', ''),
(2219, 0, '0', 'Angaya H/C III', 6, 23, 27, '774351121', '', '', '', '', '0000-00-00 00:00:00', ''),
(2220, 0, '0', 'SAREC Medicare Center', 3, 35, 41, '700665522', '', '', '', '', '0000-00-00 00:00:00', ''),
(2221, 0, '0', 'Dr Ambrosolic Clinic (Kaliro)', 12, 34, 42, '', '', '', '', '', '0000-00-00 00:00:00', ''),
(2222, 0, '0', 'Kitala H/C II', 5, 86, 24, '775361737', '', '', '', '', '0000-00-00 00:00:00', ''),
(2223, 0, '0', 'Alemere H/C II', 5, 3, 7, '783479888', '', '', '', '', '0000-00-00 00:00:00', ''),
(2224, 0, '0', 'Kapeta H/C II', 5, 53, 65, '7743392119', '', '', '', '', '0000-00-00 00:00:00', ''),
(2225, 0, '0', 'Aliwang H/C III', 5, 107, 61, '775064649', '', '', '', '', '0000-00-00 00:00:00', ''),
(2226, 0, '0', 'Kamulegu H/C III', 6, 59, 68, '702112742', '', '', '', '', '0000-00-00 00:00:00', ''),
(2227, 0, '0', 'Kyamwinula H/C III', 6, 85, 95, '772440973', '', '', '', '', '0000-00-00 00:00:00', ''),
(2228, 0, '0', 'Lugazi  H/C II', 5, 11, 48, '753474238', '', '', '', '', '0000-00-00 00:00:00', ''),
(2229, 0, '0', 'Haama H/C II', 5, 98, 21, '752468355', '', '', '', '', '0000-00-00 00:00:00', ''),
(2230, 0, '0', 'Lolwe H/C III', 6, 98, 21, '', '', '', '', '', '0000-00-00 00:00:00', ''),
(2231, 0, '0', 'Bwindi H/C III', 6, 30, 33, '', '', '', '', '', '0000-00-00 00:00:00', ''),
(2232, 0, '0', 'Kafunjo H/C II', 5, 30, 33, '', '', '', '', '', '0000-00-00 00:00:00', ''),
(2233, 0, '0', 'Kitunga H/C II', 5, 59, 68, '777841057', '', '', '', '', '0000-00-00 00:00:00', ''),
(2234, 0, '0', 'Kalibu H/C III', 6, 40, 52, '', '', '', '', '', '0000-00-00 00:00:00', ''),
(2235, 0, '0', 'Kashagazi H/C II', 5, 51, 58, '', '', '', '', '', '0000-00-00 00:00:00', ''),
(2236, 0, '0', 'Burondo H/C II', 5, 15, 18, '', '', '', '', '', '0000-00-00 00:00:00', ''),
(2237, 0, '0', 'Rwengara H/C II', 5, 15, 18, '', '', '', '', '', '0000-00-00 00:00:00', ''),
(2238, 0, '0', 'Butama H/C III', 6, 15, 18, '', '', '', '', '', '0000-00-00 00:00:00', ''),
(2239, 0, '0', 'Bulyambwa H/C II', 5, 15, 18, '', '', '', '', '', '0000-00-00 00:00:00', ''),
(2240, 0, '0', 'Buhanda H/C II', 5, 37, 101, '0775246087', '', 'Agnes', '', '', '0000-00-00 00:00:00', ''),
(2241, 0, '0', 'Busoru H/C II', 5, 0, 18, '', '', '', '', '', '0000-00-00 00:00:00', ''),
(2242, 0, '0', 'Kasulenga H/C II', 5, 0, 18, '', '', '', '', '', '0000-00-00 00:00:00', ''),
(2243, 0, '0', 'Bundigoma HC III', 6, 15, 18, '', '', '', '', '', '0000-00-00 00:00:00', ''),
(2244, 0, '0', 'Musandama H/C II', 5, 15, 18, '', '', '', '', '', '0000-00-00 00:00:00', ''),
(2245, 0, '0', 'Bupompoli H/C II', 5, 15, 18, '', '', '', '', '', '0000-00-00 00:00:00', ''),
(2246, 0, '0', 'Bundimulangya H/C II', 5, 15, 18, '', '', '', '', '', '0000-00-00 00:00:00', ''),
(2247, 0, '0', 'Kayenje H/C II', 5, 15, 18, '', '', '', '', '', '0000-00-00 00:00:00', ''),
(2248, 0, '0', 'Bujwanga H/C II', 5, 98, 21, '771428391', '', '', '', '', '0000-00-00 00:00:00', ''),
(2249, 0, '0', 'Abalang H/C II', 5, 32, 34, '', '', '', '', '', '0000-00-00 00:00:00', ''),
(2250, 0, '0', 'Wera H/C III', 6, 4, 8, '', '', '', '', '', '0000-00-00 00:00:00', ''),
(2251, 0, '0', 'Ongongoja H/C II', 5, 41, 47, '', '', '', '', '', '0000-00-00 00:00:00', ''),
(2252, 0, '0', 'Akurao H/C II', 5, 41, 47, '', '', '', '', '', '0000-00-00 00:00:00', ''),
(2253, 0, '0', 'Okoritok H/C II', 5, 41, 47, '', '', '', '', '', '0000-00-00 00:00:00', ''),
(2254, 0, '0', 'Opeta H/C II', 5, 41, 47, '', '', '', '', '', '0000-00-00 00:00:00', ''),
(2255, 0, '0', 'Olilim H/C II (Katakwi)', 5, 41, 47, '', '', '', '', '', '0000-00-00 00:00:00', ''),
(2256, 0, '0', 'Palam H/C II', 5, 41, 47, '', '', '', '', '', '0000-00-00 00:00:00', ''),
(2257, 0, '0', 'Kaliro T C ', 1, 34, 17, '775246303', '', '', '', '', '0000-00-00 00:00:00', ''),
(2258, 0, '0', 'Rurongo H/C II', 5, 27, 87, '777306703', '', '', '', '', '0000-00-00 00:00:00', ''),
(2259, 0, '0', 'Posta Uganda', 1, 26, 39, '', '', '', '', '', '0000-00-00 00:00:00', ''),
(2260, 0, '0', 'Bukunga H/C III', 6, 26, 29, '782907272', '', '', '', '', '0000-00-00 00:00:00', ''),
(2261, 0, '0', 'Bulunagi H/C III', 6, 26, 29, '', '', '', '', '', '0000-00-00 00:00:00', ''),
(2262, 0, '0', 'Rwemigina H/C II', 5, 63, 71, '', '', '', '', '', '0000-00-00 00:00:00', ''),
(2263, 0, '0', 'Bira HC III', 6, 2, 6, '779700550', '', '', '', '', '0000-00-00 00:00:00', ''),
(2264, 0, '0', 'Kyengera H/C II', 5, 86, 24, '', '', '', '', '', '0000-00-00 00:00:00', ''),
(2265, 0, '0', 'Bugema University H/C III', 6, 55, 63, '', '', '', '', '', '0000-00-00 00:00:00', ''),
(2266, 0, '0', 'Lujjabwa H/C II', 5, 33, 113, '751947144', '', '', '', '', '0000-00-00 00:00:00', ''),
(2267, 0, '0', 'Buyambo H/C II', 5, 98, 21, '', '', '', '', '', '0000-00-00 00:00:00', ''),
(2268, 0, '0', 'Buchumba H/C II', 5, 98, 21, '776409201', '', '', '', '', '0000-00-00 00:00:00', ''),
(2269, 0, '0', 'Apyeta H/C II', 5, 53, 65, '775129930', '', '', '', '', '0000-00-00 00:00:00', ''),
(2270, 0, '0', 'Lyama H/C III', 6, 8, 70, '701558464', '', '', '', '', '0000-00-00 00:00:00', ''),
(2271, 0, '0', 'Anyacoto H/C II', 5, 22, 23, '777786876', '', '', '', '', '0000-00-00 00:00:00', ''),
(2272, 0, '0', 'Syanyonja H/C II', 5, 98, 21, '755607128', '', '', '', '', '0000-00-00 00:00:00', ''),
(2273, 0, '0', 'St Jude UCEPPI H/C III', 6, 7, 11, '', '', '', '', '', '0000-00-00 00:00:00', ''),
(2274, 0, '0', 'Amwoma H/C III', 6, 22, 23, '', '', '', '', '', '0000-00-00 00:00:00', ''),
(2275, 0, '0', 'Biko H/C II', 5, 3, 7, '', '', '', '', '', '0000-00-00 00:00:00', ''),
(2276, 0, '0', 'Mout Elgon Hospital (Mbale)', 9, 62, 70, '', '', '', '', '', '0000-00-00 00:00:00', ''),
(2277, 0, '0', 'Bwondha HC II', 5, 61, 117, '755757657', '', '', '', '', '0000-00-00 00:00:00', ''),
(2278, 0, '0', 'Sirimula H/C III', 6, 91, 106, '782200434', '', '', '', '', '0000-00-00 00:00:00', ''),
(2279, 0, '0', 'Buyaga H/C III (Masaka)', 5, 59, 68, '759024150', '', '', '', '', '0000-00-00 00:00:00', ''),
(2280, 0, '0', 'Dibolyec H/C II', 5, 53, 65, '772388741', '', '', '', '', '0000-00-00 00:00:00', ''),
(2281, 0, '0', 'Kasekulo H/C II', 5, 33, 89, '785026432', '', '', '', '', '0000-00-00 00:00:00', ''),
(2283, 0, '0', 'Kachung H/C II', 5, 22, 23, '782723162', '', '', '', '', '0000-00-00 00:00:00', ''),
(2284, 0, '0', 'Wanyange (St Benedict)', 1, 11, 48, '752832172', '', '', '', '', '0000-00-00 00:00:00', ''),
(2285, 0, '0', 'Kyampangara H/C II', 5, 45, 86, '787508850', '', '', '', '', '0000-00-00 00:00:00', ''),
(2286, 0, '0', 'Lukaya Health Care Centre', 3, 90, 100, '', '', '', '', '', '0000-00-00 00:00:00', ''),
(2287, 0, '0', 'Awiri H/C II', 5, 22, 23, '777112388', '', '', '', '', '0000-00-00 00:00:00', ''),
(2288, 0, '0', 'Muwumba H/C III', 6, 28, 31, '783710004', '', '', '', '', '0000-00-00 00:00:00', ''),
(2289, 0, '0', 'Wakawaka H/C II', 5, 10, 15, '', '', '', '', '', '0000-00-00 00:00:00', ''),
(2291, 0, '0', 'Katum H/C II', 5, 53, 65, '', '', '', '', '', '0000-00-00 00:00:00', ''),
(2292, 0, '0', 'Te-Got H/C II', 5, 23, 27, '', '', '', '', '', '0000-00-00 00:00:00', ''),
(2293, 0, '0', 'Mbale Police H/C III', 6, 62, 70, '', '', '', '', '', '0000-00-00 00:00:00', ''),
(2294, 0, '0', 'Bumugusha H/C III (Bulambuli)', 6, 94, 44, '', '', '', '', '', '0000-00-00 00:00:00', ''),
(2295, 0, '0', 'Bwama H/C III', 6, 30, 33, '775930279', '', '', '', '', '0000-00-00 00:00:00', ''),
(2296, 0, '0', 'Kyobugombe H/C II', 5, 30, 33, '782377141', '', '', '', '', '0000-00-00 00:00:00', ''),
(2297, 0, '0', 'St Francis H/C II', 5, 106, 10, '779202094', '', '', '', '', '0000-00-00 00:00:00', ''),
(2298, 0, '0', 'Oburin H/C II', 5, 100, 90, '775027440', '', '', '', '', '0000-00-00 00:00:00', ''),
(2299, 0, '0', 'Alango H/C II', 5, 107, 61, '782556798', '', '', '', '', '0000-00-00 00:00:00', ''),
(2300, 0, '0', 'Atangwata H/C III', 6, 107, 61, '757165056', '', '', '', '', '0000-00-00 00:00:00', ''),
(2301, 0, '0', 'All Saints H/C II', 5, 78, 107, '777371190', '', '', '', '', '0000-00-00 00:00:00', ''),
(2302, 0, '0', 'Pawel Angany  H/C II', 5, 23, 27, '774848926', '', '', '', '', '0000-00-00 00:00:00', ''),
(2303, 0, '0', 'Lagot H/C II', 5, 47, 56, '', '', '', '', '', '0000-00-00 00:00:00', ''),
(2304, 0, '0', 'Medical Research Council (Mengo)', 3, 35, 41, '754736312', '', '', '', '', '0000-00-00 00:00:00', ''),
(2305, 0, '0', 'Zaam Medical Center', 1, 35, 41, '771845789', '', '', '', '', '0000-00-00 00:00:00', ''),
(2306, 0, '0', 'Oitino HCII', 5, 23, 27, '', '', '', '', '', '0000-00-00 00:00:00', ''),
(2307, 0, '0', 'Masiyompo H/C III', 6, 83, 114, '772394032', '', '', '', '', '0000-00-00 00:00:00', ''),
(2308, 0, '0', 'Bukedea Mission Dispensary', 1, 12, 70, '7025051972', '', '', '', '', '0000-00-00 00:00:00', ''),
(2309, 0, '0', 'Wentz Medical Center', 1, 35, 41, '772655045', '', '', '', '', '0000-00-00 00:00:00', ''),
(2310, 0, '0', 'Namiti H/C II', 5, 19, 49, '779348652', '', '', '', '', '0000-00-00 00:00:00', ''),
(2312, 0, '0', 'Multicare Medical Centre', 12, 79, 82, '', '', '', '', '', '0000-00-00 00:00:00', ''),
(2313, 0, '0', 'St Austin H/C II(Mbale)', 5, 62, 70, '', '', '', '', '', '0000-00-00 00:00:00', ''),
(2314, 0, '0', 'Masolya H/C II', 5, 61, 29, '756742331', '', '', '', '', '0000-00-00 00:00:00', ''),
(2315, 0, '0', 'Lokales H/C II', 5, 103, 94, '', '', '', '', '', '0000-00-00 00:00:00', ''),
(2316, 0, '0', 'Allustin H/C III', 6, 43, 36, '', '', '', '', '', '0000-00-00 00:00:00', ''),
(2317, 0, '0', 'Ruhomuro H/C III', 6, 16, 19, '', '', '', '', '', '0000-00-00 00:00:00', ''),
(2318, 0, '0', 'Kanu H/C II', 5, 1, 5, '', '', '', '', '', '0000-00-00 00:00:00', ''),
(2319, 0, '0', '405 Brigade HC III', 6, 49, 57, '772022191', '', '', '', '', '0000-00-00 00:00:00', ''),
(2320, 0, '0', 'Kakira H/C III (Jinja)', 6, 28, 31, '', '', '', '', '', '0000-00-00 00:00:00', ''),
(2321, 0, '0', 'Kidubuli HCIII', 6, 31, 25, '773984355', '', '', '', '', '0000-00-00 00:00:00', ''),
(2322, 0, '0', 'Barjobi HCIII', 6, 107, 61, '772025255', '', '', '', '', '0000-00-00 00:00:00', ''),
(2323, 0, '0', 'Masindi Military Hospital', 9, 60, 69, '783945484', '', '', '', '', '0000-00-00 00:00:00', ''),
(2324, 0, '0', 'Infectious Diseases Institute', 1, 35, 41, '772352116', '', '', '', '', '0000-00-00 00:00:00', ''),
(2325, 0, '0', 'Fastline Medical Centre', 10, 10, 15, '753213130', '', '', '', '', '0000-00-00 00:00:00', ''),
(2326, 0, '0', 'Kitovu Mobile', 1, 59, 68, '774396177', '', '', '', '', '0000-00-00 00:00:00', ''),
(2327, 0, '0', 'Rwangara H/C II', 6, 112, 18, '774117518', '', '', '', '', '0000-00-00 00:00:00', ''),
(2328, 0, '0', 'Rwenyangye H/C II', 5, 30, 33, '774487962', '', '', '', '', '0000-00-00 00:00:00', ''),
(2329, 0, '0', 'Mulombi Health Centre II', 5, 98, 21, '753027938', '', '', '', '', '0000-00-00 00:00:00', ''),
(2330, 0, '0', 'Faith Mulira Health Care Center', 8, 86, 41, '775556356', '', '', '', '', '0000-00-00 00:00:00', ''),
(2331, 0, '0', 'Barocok H/C II', 5, 107, 61, '712239917', '', '', '', '', '0000-00-00 00:00:00', ''),
(2332, 0, '0', 'Hope Medical Centre', 10, 62, 70, '779374806', '', '', '', '', '0000-00-00 00:00:00', ''),
(2333, 0, '0', 'Royal Health Care', 8, 35, 41, '774545265', '', '', '', '', '0000-00-00 00:00:00', ''),
(2334, 0, '0', 'Padibe West H/C III', 6, 53, 65, '706052468', '', '', '', '', '0000-00-00 00:00:00', ''),
(2335, 0, '0', 'Agirigiroi H/C II', 5, 84, 92, '783242081', '', '', '', '', '0000-00-00 00:00:00', ''),
(2336, 0, '0', 'Kakooge H/C II', 5, 20, 51, '756928794', '', '', '', '', '0000-00-00 00:00:00', ''),
(2337, 0, '0', 'Eseri Domiciliary Clinic', 3, 69, 49, '784935470', '', '', '', '', '0000-00-00 00:00:00', ''),
(2338, 0, '0', 'Equator Health Services', 1, 35, 41, '774905909', '', '', '', '', '0000-00-00 00:00:00', ''),
(2339, 0, '0', 'Muhoti Military H/C III', 6, 31, 25, '784434850', '', '', '', '', '0000-00-00 00:00:00', ''),
(2340, 0, '0', 'Munobwa Clinic', 3, 52, 60, '7002299429', '', '', '', '', '0000-00-00 00:00:00', ''),
(2341, 0, '0', 'Kayanja H/C II', 5, 80, 83, '782952313', '', '', '', '', '0000-00-00 00:00:00', ''),
(2342, 0, '0', 'Kamubeizi H/C II', 5, 27, 87, '771418206', '', '', '', '', '0000-00-00 00:00:00', ''),
(2343, 0, '0', 'Butiru Chrisco Hospital', 9, 57, 95, '787727809', '', '', '', '', '0000-00-00 00:00:00', ''),
(2344, 0, '0', 'Alanyi H/C III', 6, 102, 108, '784775900', '', '', '', '', '0000-00-00 00:00:00', ''),
(2345, 0, '0', 'Ruhumuro H/C III', 6, 16, 19, '', '', '', '', '', '0000-00-00 00:00:00', ''),
(2346, 0, '0', 'Aganga H/C II', 5, 6, 4, '777038324', '', '', '', '', '0000-00-00 00:00:00', ''),
(2347, 0, '0', 'Midas Touch Medical Services', 1, 50, 13, '', '', '', '', '', '0000-00-00 00:00:00', ''),
(2348, 0, '0', 'Nyabuswa H/C III', 6, 31, 25, '706942454', '', '', '', '', '0000-00-00 00:00:00', ''),
(2349, 0, '0', 'Arua Police H/C III', 6, 7, 11, '776031982', '', '', '', '', '0000-00-00 00:00:00', ''),
(2350, 0, '0', 'Akoboi H/C II (Serere)', 5, 100, 90, '772194595', '', '', '', '', '0000-00-00 00:00:00', ''),
(2351, 0, '0', 'Medik Hospital Kawempe', 9, 35, 41, '773630335', '', '', '', '', '0000-00-00 00:00:00', ''),
(2352, 0, '0', 'Kaabong Mission H/C III', 6, 29, 32, '787633765', '', '', '', '', '0000-00-00 00:00:00', ''),
(2353, 0, '0', 'Anep Moroto H/C II', 5, 107, 61, '782434589', '', '', '', '', '0000-00-00 00:00:00', ''),
(2354, 0, '0', 'Amusus H/C II', 5, 4, 8, '783900525', '', '', '', '', '0000-00-00 00:00:00', ''),
(2355, 0, '0', 'Ogwete H/C II', 5, 107, 61, '773116855', '', '', '', '', '0000-00-00 00:00:00', ''),
(2356, 0, '0', 'Naweyo H/C III', 6, 18, 20, '759410502', '', '', '', '', '0000-00-00 00:00:00', ''),
(2357, 0, '0', 'Double Cure Medical Centre', 6, 67, 26, '772016917', '', 'Mutebi Sumaya', '', '', '0000-00-00 00:00:00', 'system'),
(2358, 0, '0', 'Pangira H/C II', 5, 53, 65, '784805819', '', 'Akello Santa', '', '', '0000-00-00 00:00:00', 'system'),
(2359, 0, '0', 'Kibuzigye H/C II', 5, 30, 33, '788353787', '', 'NAKURE BERINA', 'KIBUZIGYE H/C II P.O.BOX KABALE', '', '0000-00-00 00:00:00', 'system'),
(2360, 0, '0', 'Nakwasi H/C III', 6, 18, 20, '757142666', '', 'Namunyana Samali', '', '', '0000-00-00 00:00:00', 'system'),
(2361, 0, '0', 'District Medical Officer\'s Clinic H/C II', 5, 65, 74, '782151782', '', 'AUILENG FRANCIS', '', '', '0000-00-00 00:00:00', 'system'),
(2362, 0, '0', 'Abalang H/C II (Dokolo)', 5, 22, 23, '782734502', '', 'AKOCH JOSEPHINE', '', '', '0000-00-00 00:00:00', 'system'),
(2363, 0, '0', 'Kristina H/C II', 5, 107, 61, '775077735', '', 'BUA DAVID', '', '', '0000-00-00 00:00:00', 'system'),
(2364, 0, '0', 'Apeitolim H/C II', 5, 105, 74, '783477077', '', 'LOPADE ERICK', 'C/O MAKATHI H/C II', '', '0000-00-00 00:00:00', 'system'),
(2366, 0, '0', 'Busabi H/C III', 6, 18, 20, '779345296', '', 'NYAMWENGE BEZA', '', '', '0000-00-00 00:00:00', 'system'),
(2367, 0, '0', 'Akide H/C II', 5, 50, 13, '783237827', '', 'Aguti Harriet', '', '', '0000-00-00 00:00:00', 'system'),
(2368, 0, '0', 'Nansana H/C II', 5, 86, 41, '782834773', '', 'KASOGA LOY', '', '', '0000-00-00 00:00:00', 'system'),
(2369, 0, '0', 'Uganda Cares (Soroti)', 13, 84, 92, '782555940', '', 'AMUGE CATHY', '', '', '0000-00-00 00:00:00', 'system'),
(2370, 0, '0', 'Diocese Of Kitgum H/C II', 5, 47, 56, '775013893', '', 'Aparo Sunday', '', '', '0000-00-00 00:00:00', 'system'),
(2371, 0, '0', 'Soft Power Health Clinic', 0, 28, 31, '776973082', '', 'MENYA HARUNA', '', '', '0000-00-00 00:00:00', 'system'),
(2372, 0, '0', 'St Benedict Health Center', 8, 28, 31, '788153464', '', 'AKUJO SUSAN', '', '', '0000-00-00 00:00:00', 'system'),
(2373, 0, '0', 'Kaboloi H/C III', 6, 79, 82, '', '', '', '', '', '0000-00-00 00:00:00', 'system'),
(2374, 0, '0', 'Jinja Remand H/C II', 5, 28, 31, '787431000', '', '', '', '', '0000-00-00 00:00:00', 'system'),
(2375, 0, '0', 'Jinja Main Prison H/C III', 6, 28, 31, '772432358', '', '', '', '', '0000-00-00 00:00:00', 'system'),
(2376, 0, '0', 'Awaca H/C IV', 7, 23, 27, '', '', '', '', '', '0000-00-00 00:00:00', 'system'),
(2377, 0, '0', 'St Jacob Health Center(Lwamaggwa)', 8, 80, 83, '776487439', '', 'SSEMYALO PHILIP', '', '', '0000-00-00 00:00:00', 'system'),
(2378, 0, '0', 'Naiku Health Centre III', 6, 62, 70, '779444875', '', 'ALOKA GEORGE', '', '', '0000-00-00 00:00:00', 'system'),
(2379, 0, '0', 'St Monica Birongo H/C III (Kalungu)', 6, 90, 100, '700302855', '', 'SR. SARAH NANGONZI', '', '', '0000-00-00 00:00:00', 'system'),
(2380, 0, '0', 'Rabachi H/C II', 5, 98, 21, '783145980', '', 'Nandera Lilian', '', '', '0000-00-00 00:00:00', 'system'),
(2381, 0, '0', 'Kishagazi H/C II', 5, 51, 58, '782293716', '', 'ABOKI GODFREY', '', '', '0000-00-00 00:00:00', 'system'),
(2382, 0, '0', 'SCSC+AC0-Kimaka H/C II', 5, 28, 31, '781475259', '', 'MORO ANDREW', '', '', '0000-00-00 00:00:00', 'system'),
(2383, 0, '0', 'Jjanda H/C III', 6, 86, 24, '782194608', '', 'AMENU TOM', '', '', '0000-00-00 00:00:00', 'system'),
(2385, 0, '0', 'Nkungu H/C III', 6, 45, 86, '772090041', '', 'TWIKIRIZE CHRISTINE', '', '', '0000-00-00 00:00:00', 'system'),
(2386, 0, '0', 'Buhange H/C III', 6, 73, 0, '773897760', '', 'KANTONO NORAH', '', '', '0000-00-00 00:00:00', 'system'),
(2387, 0, '0', 'Kerekerene H/C III', 6, 8, 70, '776099234', '', 'ZIWU JULIUS', '', '', '0000-00-00 00:00:00', 'system'),
(2388, 0, '0', 'Awelo H/C II', 5, 22, 23, '774827612', '', 'ACAI SUSAN', '', '', '0000-00-00 00:00:00', 'system'),
(2389, 0, '0', 'Majira H/C III', 6, 94, 0, '701267208', '', 'Alfred Magusho', '', '', '0000-00-00 00:00:00', 'system'),
(2390, 0, '0', 'Abia H/C II', 3, 102, 108, '7509972267', '', 'CAROLINE', '', '', '0000-00-00 00:00:00', 'system'),
(2391, 0, '0', 'Lapul H/C III', 6, 78, 39, '756149876', '', 'OJOK JOHN', '', '', '0000-00-00 00:00:00', 'system'),
(2392, 0, '0', 'OMBIDRI ONDREA H/C III', 6, 7, 11, '', '', 'AFAYOA CHARLES', '', '', '0000-00-00 00:00:00', 'system'),
(2393, 0, '0', 'Kitunga H/C II (Kabale)', 5, 30, 0, '779211721', '', 'Nahabwe Gloria', '', '', '0000-00-00 00:00:00', 'system'),
(2394, 0, '0', 'Alnoor H/C II', 5, 87, 96, '779818555', '', 'ACIDRINGA HAKIM', '', '', '0000-00-00 00:00:00', 'system'),
(2395, 0, '0', 'Rapha Medical Centre(Wakiso)', 12, 86, 24, '0772853398', '', 'Kizanda', '', '', '2015-09-23 09:17:17', 'admin'),
(2396, 0, '', 'Aids Information Centre (Arua)', 12, 7, 11, '0776248007', '', 'Nyiiro Herbert', '', 'Arua Regional Referal Hospital', '2015-09-28 08:06:29', 'admin'),
(2397, 0, '', 'Outreach (URA)', 12, 35, 41, '0753808181', '', 'Raymon CPHL', 'Kampala', '', '2015-09-28 08:17:47', 'admin'),
(2398, 0, '', 'Abako Elim H/C II', 5, 102, 108, '0778898887', '', 'Omara Tonny', '', '', '2015-09-28 10:04:58', 'admin'),
(2399, 0, '', 'Jaguzi H/C II', 5, 61, 117, '0752980122', '', 'Tiberimbwako Teddy', 'Mayuge', '', '2015-09-29 05:13:05', 'admin'),
(2400, 0, '', 'Alapata H/C II (Dokolo)', 5, 22, 23, '0783415873', '', 'Abalo Agnes', '', '', '2015-09-29 09:19:25', 'admin'),
(2401, 0, '', 'Donna Carnevale Medical Centre', 10, 67, 26, '0703650657', '', 'Mubarak', '', '', '2015-09-30 11:22:06', 'admin'),
(2402, 0, '', 'Outreach Makerere', 12, 35, 41, '0753808181', '', 'Raymon CPHL', '', '', '2015-10-05 06:48:37', 'admin'),
(2403, 0, '', 'Mukwaya General Hospital', 9, 35, 41, '0772902696', '', 'Sr Wanyenze Rita', '', '', '2015-10-06 12:00:37', 'admin'),
(2404, 0, '', 'Outreach Tororo', 12, 85, 95, '0753808181', '', 'Raymon CPHL', '', '', '2015-10-12 09:57:11', 'admin'),
(2406, 0, '', 'CPHL', 13, 35, 41, '', '', 'Aeko Stephen', '', '', '2015-10-15 13:15:27', 'admin'),
(2407, 0, '', 'Outreach Lugogo Grounds', 12, 35, 41, '0774347122', '', 'Steven CPHL', '', '', '2015-10-27 04:54:13', 'admin'),
(2408, 0, '', 'Outreach Uganda Meseum', 12, 35, 41, '0774347122', '', 'Aeko Stephen', 'CPHL', '', '2015-11-03 07:23:35', 'admin'),
(2409, 0, '', 'Kalege H/C II', 5, 71, 97, '0771889800', '', 'Namatta Janet', '', '', '2015-11-03 07:38:19', 'admin'),
(2410, 0, '', 'Dramba H/C II', 5, 87, 96, '0784340895', '', 'Acema Michael', 'yumbe', 'Yumbe HUB', '2015-11-03 09:02:55', 'admin'),
(2411, 0, '', 'Busunju H/C II', 5, 64, 73, '0784756534', '', 'NABBOSA HELLEN', '', '', '2015-11-11 10:39:10', 'admin'),
(2412, 0, '', 'St Balikuddembe H/C III', 6, 91, 106, '0786228002', '', 'Nabaweesi Sarah', '', '', '2015-11-12 10:13:20', 'admin'),
(2413, 0, '', 'Akura II', 5, 102, 108, '0772635911', '', 'Ayoo Stella Grace', '', '', '2015-11-16 11:57:33', 'admin'),
(2414, 0, '', 'Aids Information Center(Mbale)', 10, 62, 70, '', '', 'ACHOM', 'Mbale', '', '2015-11-18 12:22:17', 'admin'),
(2415, 0, '', 'Kagarama H/C II', 5, 30, 33, '0773553369', '', 'Musinguzi Agatha', '', '', '2015-11-18 12:32:41', 'admin'),
(2416, 0, '', 'Kampala Medical Chambers', 10, 35, 89, '', '', '', 'Kampala', '', '2015-11-19 09:27:11', 'admin'),
(2417, 0, '', 'Outreach Wakiso', 12, 86, 41, '0774347122', '', 'Steven CPHL', '', '', '2015-11-24 12:38:15', 'admin'),
(2418, 0, '', 'Buziirasagama H/C II', 5, 31, 25, '0756497019', '', 'Tumusiime Lameka', '', '', '2015-12-09 11:36:33', 'admin'),
(2419, 0, '', 'Outreach Parliament', 12, 35, 41, '0774347122', '', 'Aeko Stephen', '', '', '2015-12-10 13:01:07', 'admin'),
(2420, 0, '', 'Kyadondo Medical Centre', 12, 35, 41, '0701062885', '', 'Akram', '', '', '2015-12-10 13:06:14', 'admin'),
(2421, 0, '', 'Kirumba H/C II', 5, 59, 68, '0787608422', '', 'Nanyonga Mirembe Milly', '', '', '2015-12-10 13:39:58', 'admin'),
(2422, 0, '', 'Charis H/C III', 6, 54, 61, '0777113777,772738880', '', 'Ongom Bonny/Owera Tonny', '', '', '2015-12-14 14:26:54', 'admin'),
(2423, 0, '', 'Kibengo H/C III', 6, 55, 63, '', '', '', '', '', '2015-12-29 09:59:09', 'admin'),
(2424, 0, '', 'Holy Innocents H/C III (Bukedea)', 6, 12, 13, '0786947000', '', 'Eworo Julius', '', 'Atutur Hub ', '2016-01-04 11:45:09', 'admin'),
(2425, 0, '', 'Millitary Police H/C III (Makindye)', 6, 86, 41, '0777394045', '', 'Harriet N', 'Makindye', '', '2016-01-06 08:29:05', 'admin'),
(2426, 0, '', 'ST Charles Kabuwoko H/C III', 6, 80, 83, '0759955030', '', 'Marie', '', '', '2016-01-14 10:25:16', 'admin'),
(2427, 0, '', 'Case Hospital', 9, 35, 41, '0772033552', '', 'NINGO GEOFFREY', 'KAMPALA', '', '2016-01-15 12:01:59', 'admin'),
(2428, 0, '', 'Buyaga H/C III', 6, 94, 44, '0752614638', '', 'Miram Mutonyi', 'Bulambuli', '', '2016-01-18 14:30:33', 'admin'),
(2429, 0, '', 'Kalungi H/C III (Kalungu)', 6, 90, 100, '0785012625', '', 'Andrew', '', '', '2016-01-27 10:22:00', 'admin'),
(2430, 0, '', 'Ogom H/C III', 6, 78, 107, '0782540454', '', 'Aber Margaret', '', '', '2016-01-28 16:44:51', 'admin'),
(2431, 0, '', 'Henrob Medical Centre', 10, 86, 97, '0776239291', '', 'Namuwanga Hellen', '', '', '2016-02-01 16:53:10', 'admin'),
(2433, 0, '', 'Nsale H/C II', 5, 26, 29, '0755751157', '', 'Isabirye Mawazi', '', '', '2016-02-02 08:55:26', 'admin'),
(2434, 0, '', 'Outreach Ndeeba', 12, 35, 41, '0774347122', '', 'Aeko Stephen', '', '', '2016-02-03 07:28:16', 'admin'),
(2435, 0, '', 'Kasobi H/C III', 6, 11, 48, '0777822688', '', 'Namusisi Ritah', '', '', '2016-02-03 10:38:54', 'admin'),
(2436, 0, '', 'Oluko Solidale H/C III', 6, 7, 11, '', '', '', '', '', '2016-03-07 14:56:08', 'admin'),
(2437, 0, '', 'St Assumpta H/C III', 6, 7, 11, '', '', '', '', '', '2016-03-09 11:48:15', 'admin'),
(2438, 0, '', 'Benedict Medical Centre', 10, 35, 41, '0788336378', '', 'Owere Gerald', '', '', '2016-03-10 13:58:14', 'admin'),
(2439, 0, '', 'Kigasa H/C II', 5, 90, 100, '0776111333', '', 'Nalwadda Jane', '', '', '2016-03-10 14:02:50', 'admin'),
(2440, 0, '', 'Family Care Hospital', 9, 86, 89, '0786514531', '', 'Nyamgoma Gladys', '', '', '2016-03-18 11:22:52', 'admin'),
(2441, 0, '', 'Buyeka H/C III', 6, 94, 44, '0783422933', '', 'Mutonyi Florence', '', '', '2016-03-22 11:31:08', 'admin'),
(2442, 0, '', 'Angagura H/C III', 6, 78, 56, '0785493913', '', 'Akello Judith', '', '', '2016-03-29 10:14:00', 'admin'),
(2443, 0, '', 'Migamba H/C II', 5, 51, 58, '0789877177', '', 'Jackline Nuwahereza', '', '', '2016-03-31 11:14:12', 'admin'),
(2444, 0, '', 'Patika H/C II', 5, 53, 65, '0782532787', '', 'Arach Alice Nyeko', '', '', '2016-04-01 13:23:29', 'admin'),
(2445, 0, '', 'Chandaria Medical Centre', 10, 35, 41, '0773146462', '', 'Lubangakene Israel', '', '', '2016-04-04 12:43:23', 'admin'),
(2446, 0, '', 'Nagwere H/C III', 6, 79, 82, '0776008574', '', '', '', '', '2016-04-05 12:07:53', 'admin'),
(2447, 0, '', 'Nkabbani H/C III', 6, 37, 101, '0789222206', '', 'Twesiime Wyclife', '', '', '2016-04-05 12:10:29', 'admin'),
(2448, 0, '', '305 Brigade Kavera H/C III', 6, 40, 52, '0775187626', '', 'Herbert', '', '', '2016-04-11 15:06:45', 'admin'),
(2449, 0, '', 'St Philips H/C II', 5, 23, 102, '0775333316', '', '', '', '', '2016-04-20 10:15:45', 'admin'),
(2450, 0, '', 'Emergency Operations Centre', 12, 35, 41, '0753808181', '', '', '', '', '2016-04-20 10:35:27', 'admin'),
(2451, 0, '', 'Aids Information Centre (Kampala)', 12, 35, 41, '0776248007', '', 'Herbert', '', '', '2016-04-20 10:53:01', 'admin'),
(2452, 0, '', 'Karwensanga H/C II', 5, 63, 71, '0775296080', '', 'Byanyima F', '', '', '2016-04-20 11:40:55', 'admin'),
(2453, 0, '', 'Rwenzori Medical Centre', 12, 37, 101, '0773277846', '', 'Ategeka Andrew', '', '', '2016-04-25 14:04:50', 'admin'),
(2454, 0, '', 'Bushenyi H/C III', 6, 9, 97, '0782787148', '', 'Kalyetsi Rogers', '', '', '2016-04-29 11:19:58', 'admin'),
(2455, 0, '', 'St Luke H/C II (Gulu)', 5, 23, 27, '0785547921', '', 'Goretty Nancy', '', '', '2016-05-02 12:18:13', 'admin'),
(2456, 0, '', 'Bulwadda H/C II', 5, 89, 89, '0755874093', '', 'Nakaweesi Eunice', '', '', '2016-05-06 12:49:52', 'admin'),
(2457, 0, '', 'Kabambiro H/C III', 6, 37, 101, '', '', '', '', '', '2016-05-09 13:03:32', 'admin'),
(2458, 0, '', 'Morulinga H/C II', 5, 105, 74, '', '', '', '', '', '2016-05-09 13:05:37', 'admin'),
(2459, 0, '', 'Abwoch H/C II', 5, 23, 27, '0779755726', '', 'Arach Filda', '', '', '2016-05-11 10:28:26', 'admin'),
(2460, 0, '', 'Buwangwa H/C III', 6, 62, 70, '', '', 'Kabuya Salama', '', '', '2016-05-13 12:31:33', 'admin'),
(2461, 0, '', 'Span Medicare Kisaasi', 12, 35, 41, '0785200809', '', 'Awino Mariam', '', '', '2016-05-23 13:26:08', 'admin'),
(2462, 0, '', 'Kansambwe H/C II', 5, 69, 49, '0774310376', '', 'Bulyaba Esther', '', '', '2016-05-23 13:34:43', 'admin'),
(2463, 0, '', 'Masira H/C III', 6, 94, 44, '0703487426', '', 'Seela Damali', '', '', '2016-05-23 16:12:33', 'admin'),
(2464, 0, '', 'Rulongo H/C II', 5, 27, 87, '0700349175', '', 'Niwarinda Simon', '', '', '2016-05-23 16:24:26', 'admin'),
(2465, 0, '', 'Outreach Mulago', 12, 35, 41, '', '', 'Raymon', '', '', '2016-05-23 16:27:36', 'admin'),
(2466, 0, '', 'Otumbari H/C III', 6, 7, 11, '0780710075', '', 'Vincent', '', '', '2016-05-23 16:31:09', 'admin'),
(2467, 0, '', 'Dream Centre Uganda', 12, 23, 102, '0783742459', '', 'Anena Vicky', '', '', '2016-05-30 16:54:12', 'admin'),
(2468, 0, '', 'Apire H/C III', 6, 6, 104, '0773577763', '', 'Olung Tom', '', '', '2016-05-31 13:34:21', 'admin'),
(2469, 0, '', 'Rwabarata H/C II', 5, 45, 86, '0787978075', '', 'MUHWEZI MOSES', '', '', '2016-06-01 15:19:50', 'admin'),
(2470, 0, '', 'Kashangi H/C III', 6, 45, 86, '0782766190', '', 'NATUKUNDA CLEOPHAS', '', '', '2016-06-01 15:21:36', 'admin'),
(2471, 0, '', 'Pakinach H/C IV', 7, 74, 78, '0772900764', '', 'AMA MANANO IMMACULATE', '', '', '2016-06-01 15:26:42', 'admin'),
(2472, 0, '', 'Shared Blessings H/C III', 6, 83, 114, '0751544198', '', '', '', '', '2016-06-02 11:51:44', 'admin'),
(2473, 0, '', 'St Kizito H/C III', 6, 55, 63, '', '', '', '', '', '2016-06-06 11:56:18', 'admin'),
(2474, 0, '', 'Mayanja Memorial Hospital', 9, 63, 71, '0773944259', '', 'Julian', '', '', '2016-06-08 12:40:56', 'admin'),
(2475, 0, '', 'Kanziira H/C II', 5, 89, 26, '0772452238', '', 'Nabatanzi Harriet', '', '', '2016-06-13 12:08:23', 'admin'),
(2476, 0, '', 'Rift Valley Medical Centre', 10, 35, 41, '0772685456', '', 'Dr. John Ariganyira', '', '', '2016-06-13 13:21:19', 'admin'),
(2477, 0, '', 'Budwale H/C III', 6, 62, 70, '0779733968', '', 'Malinga Samuel', '', '', '2016-06-13 13:59:05', 'admin'),
(2478, 0, '', 'Lulyango H/C II', 5, 106, 10, '', '', '', '', '', '2016-06-15 12:07:39', 'admin'),
(2479, 0, '', 'Bugoto H/C II', 5, 61, 117, '0780561378', '', '', '', '', '2016-06-17 10:50:16', 'admin'),
(2480, 0, '', 'Hassan Tourabi', 3, 86, 116, '0759528258', 'justinokiring@gmail.com', '', '', '', '2016-06-17 14:45:02', 'admin'),
(2481, 0, '', 'Obim H/C', 4, 102, 108, '', '', '', '', '', '2016-06-20 11:32:18', 'admin'),
(2482, 0, '', 'Kyayi H/C III', 6, 89, 89, '0751862494', '', 'Nalwoga Ruth', '', '', '2016-06-20 11:49:10', 'admin'),
(2483, 0, '', 'Rukoki H/C III', 6, 40, 52, '', '', '', '', '', '2016-06-22 15:50:30', 'admin'),
(2484, 0, '', 'Kamuli District Govt Hospital', 9, 36, 42, '', '', '', '', '', '2016-06-23 11:18:18', 'admin'),
(2485, 0, '', 'Outreach Bundibugyo', 12, 15, 18, '', '', 'Raymon', '', '', '2016-06-23 11:19:00', 'admin'),
(2486, 0, '', 'Kiige H/C II', 5, 36, 42, '', '', '', '', '', '2016-06-23 12:38:53', 'admin'),
(2487, 0, '', 'Tegot H/CII', 5, 23, 27, '0782841055', '', 'Okee Betty', '', '', '2016-06-27 11:34:24', 'admin'),
(2488, 0, '', 'Kabonero H/C III', 6, 31, 25, '0783851005', '', 'Tukwasiibwe C', '', '', '2016-06-27 11:48:39', 'admin'),
(2489, 0, '', 'Mulago National Referal', 11, 35, 41, '0772505643', '', 'Deogratias', '', '', '2016-06-28 12:15:32', 'admin');

-- --------------------------------------------------------

--
-- Table structure for table `facilitylevel`
--

DROP TABLE IF EXISTS `facilitylevel`;
CREATE TABLE `facilitylevel` (
  `id` smallint(2) UNSIGNED NOT NULL,
  `level` varchar(100) NOT NULL,
  `created` datetime NOT NULL,
  `createdby` varchar(250) NOT NULL
) ENGINE=InnoDB DEFAULT CHARSET=utf8;

--
-- Dumping data for table `facilitylevel`
--

INSERT INTO `facilitylevel` (`id`, `level`, `created`, `createdby`) VALUES
(3, 'Clinic', '0000-00-00 00:00:00', ''),
(4, 'H/C ', '0000-00-00 00:00:00', ''),
(5, 'H/C II', '0000-00-00 00:00:00', ''),
(6, 'H/C III', '0000-00-00 00:00:00', ''),
(7, 'H/C IV', '0000-00-00 00:00:00', ''),
(8, 'Health Care Center', '0000-00-00 00:00:00', ''),
(9, 'Hospital', '0000-00-00 00:00:00', ''),
(10, 'Medical Centre', '0000-00-00 00:00:00', ''),
(11, 'Regional Referral Hospital', '0000-00-00 00:00:00', ''),
(12, 'Special Clinic', '0000-00-00 00:00:00', ''),
(13, 'LAB', '2015-08-28 02:06:10', 'system');

-- --------------------------------------------------------

--
-- Table structure for table `hub`
--

DROP TABLE IF EXISTS `hub`;
CREATE TABLE `hub` (
  `id` mediumint(8) UNSIGNED NOT NULL,
  `name` varchar(250) NOT NULL,
  `email` varchar(250) NOT NULL,
  `address` varchar(250) NOT NULL,
  `implementingpartnerid` varchar(250) NOT NULL,
  `coordinatorid` varchar(125) NOT NULL,
  `created` datetime NOT NULL,
  `createdby` varchar(250) NOT NULL
) ENGINE=InnoDB DEFAULT CHARSET=utf8;

--
-- Dumping data for table `hub`
--

INSERT INTO `hub` (`id`, `name`, `email`, `address`, `implementingpartnerid`, `coordinatorid`, `created`, `createdby`) VALUES
(4, 'Aber Hub', '', '', '', '', '0000-00-00 00:00:00', ''),
(5, 'Abim Hub', '', '', '', '', '0000-00-00 00:00:00', ''),
(6, 'Adjumani Hub', '', '', '', '', '0000-00-00 00:00:00', ''),
(7, 'Amolatar Hub', '', '', '', '', '0000-00-00 00:00:00', ''),
(8, 'Amuria Hub', '', '', '', '', '0000-00-00 00:00:00', ''),
(10, 'Anaka Hub', '', '', '', '', '0000-00-00 00:00:00', ''),
(11, 'Arua Hub', '', '', '', '', '0000-00-00 00:00:00', ''),
(12, 'Atiak Hub', '', '', '', '', '0000-00-00 00:00:00', ''),
(13, 'Atutur Hub', '', '', '', '', '0000-00-00 00:00:00', ''),
(15, 'Bugiri Hub', '', '', '', '', '0000-00-00 00:00:00', ''),
(16, 'Buliisa Hub', '', '', '', '', '0000-00-00 00:00:00', ''),
(17, 'Bumanya Hub', '', '', '', '', '0000-00-00 00:00:00', ''),
(18, 'Bundibugyo Hub', '', '', '', '', '0000-00-00 00:00:00', ''),
(19, 'Bushenyi Hub', '', '', '', '', '0000-00-00 00:00:00', ''),
(20, 'Busolwe Hub', '', '', '', '', '0000-00-00 00:00:00', ''),
(21, 'Buyinja Hub', '', '', '', '', '0000-00-00 00:00:00', ''),
(23, 'Dokolo Hub', '', '', '', '', '0000-00-00 00:00:00', ''),
(24, 'Entebbe Hub', '', '', '', '', '0000-00-00 00:00:00', ''),
(25, 'FortPortal Hub', '', '', '', '', '0000-00-00 00:00:00', ''),
(26, 'Gombe Hub', '', '', '', '', '0000-00-00 00:00:00', ''),
(27, 'Gulu Hub', '', '', '', '', '0000-00-00 00:00:00', ''),
(28, 'Hoima Hub', '', '', '', '', '0000-00-00 00:00:00', ''),
(29, 'Iganga Hub', '', '', '', '', '0000-00-00 00:00:00', ''),
(30, 'Itojo Hub', '', '', '', '', '0000-00-00 00:00:00', ''),
(31, 'Jinja Hub', '', '', '', '', '0000-00-00 00:00:00', ''),
(32, 'Kaabong Hub', '', '', '', '', '0000-00-00 00:00:00', ''),
(33, 'Kabale Hub', '', '', '', '', '0000-00-00 00:00:00', ''),
(34, 'Kaberamaido Hub', '', '', '', '', '0000-00-00 00:00:00', ''),
(36, 'Kagadi Hub', '', '', '', '', '0000-00-00 00:00:00', ''),
(37, 'Kagando Hub', '', '', '', '', '0000-00-00 00:00:00', ''),
(38, 'Kakindo Hub', '', '', '', '', '0000-00-00 00:00:00', ''),
(39, 'Kalongo Hub', '', '', '', '', '0000-00-00 00:00:00', ''),
(41, 'Kampala Hub', '', '', '', '', '0000-00-00 00:00:00', ''),
(42, 'Kamuli Hub', '', '', '', '', '0000-00-00 00:00:00', ''),
(43, 'Kanungu Hub', '', '', '', '', '0000-00-00 00:00:00', ''),
(44, 'Kapchorwa Hub', '', '', '', '', '0000-00-00 00:00:00', ''),
(46, 'kassanda Hub', '', '', '', '', '0000-00-00 00:00:00', ''),
(47, 'Katakwi Hub', '', '', '', '', '0000-00-00 00:00:00', ''),
(48, 'Kawolo Hub', '', '', '', '', '0000-00-00 00:00:00', ''),
(49, 'Kayunga Hub', '', '', '', '', '0000-00-00 00:00:00', ''),
(50, 'Kiboga Hub', '', '', '', '', '0000-00-00 00:00:00', ''),
(51, 'Kidera Hub', '', '', '', '', '0000-00-00 00:00:00', ''),
(52, 'Kilembe Mines Hub', '', '', '', '', '0000-00-00 00:00:00', ''),
(53, 'kiryandongo Hub', '', '', '', '', '0000-00-00 00:00:00', ''),
(54, 'Kisoro Hub', '', '', '', '', '0000-00-00 00:00:00', ''),
(55, 'kitagata Hub', '', '', '', '', '0000-00-00 00:00:00', ''),
(56, 'Kitgum Hub', '', '', '', '', '0000-00-00 00:00:00', ''),
(57, 'Kotido Hub', '', '', '', '', '0000-00-00 00:00:00', ''),
(58, 'Kyegegwa Hub', '', '', '', '', '0000-00-00 00:00:00', ''),
(60, 'Kyenjojo Hub', '', '', '', '', '0000-00-00 00:00:00', ''),
(61, 'Lira Hub', '', '', '', '', '0000-00-00 00:00:00', ''),
(63, 'Luwero Hub', '', '', '', '', '0000-00-00 00:00:00', ''),
(64, 'Lyantonde Hub', '', '', '', '', '0000-00-00 00:00:00', ''),
(65, 'Madi Opei Hub', '', '', '', '', '0000-00-00 00:00:00', ''),
(67, 'Masafu Hub', '', '', '', '', '0000-00-00 00:00:00', ''),
(68, 'Masaka Hub', '', '', '', '', '0000-00-00 00:00:00', ''),
(69, 'Masindi Hub', '', '', '', '', '0000-00-00 00:00:00', ''),
(70, 'Mbale Hub', '', '', '', '', '0000-00-00 00:00:00', ''),
(71, 'Mbarara Hub', '', '', '', '', '0000-00-00 00:00:00', ''),
(72, 'Mitooma Hub', '', '', '', '', '0000-00-00 00:00:00', ''),
(73, 'Mityana Hub', '', '', '', '', '0000-00-00 00:00:00', ''),
(74, 'Moroto Hub', '', '', '', '', '0000-00-00 00:00:00', ''),
(75, 'Moyo Hub', '', '', '', '', '0000-00-00 00:00:00', ''),
(76, 'Mubende Hub', '', '', '', '', '0000-00-00 00:00:00', ''),
(77, 'Nakasongola Hub', '', '', '', '', '0000-00-00 00:00:00', ''),
(78, 'Nebbi Hub', '', '', '', '', '0000-00-00 00:00:00', ''),
(79, 'Ngoma Hub', '', '', '', '', '0000-00-00 00:00:00', ''),
(80, 'Nsiika Hub', '', '', '', '', '0000-00-00 00:00:00', ''),
(81, 'Nyakibale Hub', '', '', '', '', '0000-00-00 00:00:00', ''),
(82, 'Pallisa Hub', '', '', '', '', '0000-00-00 00:00:00', ''),
(83, 'Rakai Hub', '', '', '', '', '0000-00-00 00:00:00', ''),
(84, 'Rugazi Hub', '', '', '', '', '0000-00-00 00:00:00', ''),
(85, 'Ruhoko Hub', '', '', '', '', '0000-00-00 00:00:00', ''),
(86, 'Rushere Hub', '', '', '', '', '0000-00-00 00:00:00', ''),
(87, 'Rwekubo Hub', '', '', '', '', '0000-00-00 00:00:00', ''),
(89, 'Self Pick', '', '', '', '', '0000-00-00 00:00:00', ''),
(90, 'Serere Hub', '', '', '', '', '0000-00-00 00:00:00', ''),
(92, 'Soroti Hub', '', '', '', '', '0000-00-00 00:00:00', ''),
(93, 'Ssembabule Hub', '', '', '', '', '0000-00-00 00:00:00', ''),
(94, 'Tokora Hub', '', '', '', '', '0000-00-00 00:00:00', ''),
(95, 'Tororo Hub', '', '', '', '', '0000-00-00 00:00:00', ''),
(96, 'Yumbe Hub', '', '', '', '', '0000-00-00 00:00:00', ''),
(97, 'None Hub', '', '', '64', '', '2015-10-05 07:52:27', 'admin'),
(98, 'Posta Mukono ', '', '', '0', '', '2015-10-12 14:39:33', 'admin'),
(99, 'Hub Unknown', 'unknown@hub.cphl', '', '0', 'System Admin', '2015-11-02 00:00:00', '1'),
(100, 'Butenga Hub ', '', '', '0', '', '2016-02-03 11:47:02', 'admin'),
(101, 'Rukunyu Hub ', '', '', '0', '', '2016-02-25 18:57:09', 'admin'),
(102, 'Lalogi Hub ', '', '', '0', '', '2016-04-20 10:13:28', 'admin'),
(103, 'Matany Hub', '', '', '32', '', '2016-05-04 10:15:42', 'admin'),
(104, 'Apac Hub ', '', '', '0', '', '2016-05-09 13:05:53', 'admin'),
(105, 'Ngora Hub ', '', '', '0', '', '2016-06-01 15:57:04', 'admin'),
(106, 'Ntwetwe Hub ', '', '', '0', '', '2016-06-01 16:07:52', 'admin'),
(107, 'Pajule Hub ', '', '', '0', '', '2016-06-10 10:59:06', 'admin'),
(108, 'Alebtong Hub ', '', '', '0', '', '2016-06-10 10:59:46', 'admin'),
(112, 'Namokora Hub ', '', '', '0', '', '2016-06-10 11:01:40', 'admin'),
(113, 'Kalangala Hub ', '', '', '0', '', '2016-06-14 12:46:01', 'admin'),
(114, 'Budadiri Hub ', '', '', '0', '', '2016-06-15 14:49:41', 'admin'),
(115, 'Lwengo Hub ', '', '', '0', '', '2016-06-17 08:55:03', 'admin'),
(116, 'Wakiso Hub ', '', '', '0', '', '2016-06-17 08:56:00', 'admin'),
(117, 'Kigandalo hub', '', '', '4', '', '2016-06-17 12:34:23', 'admin');

-- --------------------------------------------------------

--
-- Table structure for table `lookupquery`
--

DROP TABLE IF EXISTS `lookupquery`;
CREATE TABLE `lookupquery` (
  `id` int(10) UNSIGNED NOT NULL,
  `name` varchar(50) NOT NULL,
  `description` varchar(255) DEFAULT NULL,
  `querystring` varchar(500) NOT NULL
) ENGINE=InnoDB DEFAULT CHARSET=utf8;

-- --------------------------------------------------------

--
-- Table structure for table `lookuptype`
--

DROP TABLE IF EXISTS `lookuptype`;
CREATE TABLE `lookuptype` (
  `id` int(11) UNSIGNED NOT NULL,
  `name` varchar(50) NOT NULL,
  `description` varchar(255) NOT NULL,
  `datecreated` datetime NOT NULL,
  `createdby` int(11) UNSIGNED NOT NULL,
  `lastupdatedate` datetime DEFAULT NULL,
  `lastupdatedby` int(11) UNSIGNED DEFAULT NULL
) ENGINE=InnoDB DEFAULT CHARSET=utf8;

--
-- Dumping data for table `lookuptype`
--

INSERT INTO `lookuptype` (`id`, `name`, `description`, `datecreated`, `createdby`, `lastupdatedate`, `lastupdatedby`) VALUES
(1, 'FACILITY_LEVELS', 'Whether a facility is referral hospital, health center 4 etc', '2017-10-07 11:47:06', 1, '2017-10-07 11:47:08', NULL),
(2, 'FACILITY TYPE', 'Whether it is a hub, facility or both', '2017-10-07 11:47:59', 1, '2017-10-07 11:48:01', NULL),
(3, 'STAFF_TYPES', 'Whether casual e.g bike rider, or office staff', '2017-10-11 11:27:10', 1, '2017-10-11 11:27:13', NULL),
(4, 'DESIGNATIONS', 'The different staff job titles', '2017-10-11 11:29:20', 1, '2017-10-11 11:29:22', NULL);

-- --------------------------------------------------------

--
-- Table structure for table `lookuptypevalue`
--

DROP TABLE IF EXISTS `lookuptypevalue`;
CREATE TABLE `lookuptypevalue` (
  `id` int(11) UNSIGNED NOT NULL,
  `lookuptypeid` int(11) UNSIGNED NOT NULL,
  `lookuptypevalue` varchar(50) NOT NULL,
  `lookupvaluedescription` varchar(255) NOT NULL,
  `createdby` int(11) UNSIGNED NOT NULL,
  `datecreated` datetime NOT NULL,
  `lastupdatedate` datetime DEFAULT NULL,
  `lastupdatedby` int(11) UNSIGNED DEFAULT NULL
) ENGINE=InnoDB DEFAULT CHARSET=utf8;

--
-- Dumping data for table `lookuptypevalue`
--

INSERT INTO `lookuptypevalue` (`id`, `lookuptypeid`, `lookuptypevalue`, `lookupvaluedescription`, `createdby`, `datecreated`, `lastupdatedate`, `lastupdatedby`) VALUES
(1, 1, '1', 'Clinic ', 1, '2017-10-07 11:49:41', '2017-10-07 11:49:42', NULL),
(2, 1, '2', 'H/C', 1, '2016-10-07 11:50:33', NULL, NULL),
(3, 1, '3', 'H/C', 1, '2017-10-07 11:51:45', NULL, NULL),
(4, 1, '4', 'H/C II', 1, '2017-10-07 11:52:10', NULL, NULL),
(5, 1, '5', 'H/C III', 1, '2017-10-07 11:52:41', NULL, NULL),
(6, 1, '6', 'H/C IV', 1, '2017-10-07 11:53:17', NULL, NULL),
(7, 1, '7', 'Health Care Center', 1, '2017-10-07 11:53:38', NULL, NULL),
(8, 1, '8', 'Hospital', 1, '2017-10-07 11:53:01', NULL, NULL),
(9, 1, '9', 'Medical Centre', 1, '2017-10-07 11:54:26', NULL, NULL),
(10, 1, '10', 'Regional Referral Hospital', 1, '2017-10-07 11:54:53', NULL, NULL),
(11, 1, '11', 'Special Clinic', 1, '2017-10-07 11:55:20', NULL, NULL),
(12, 1, '12', 'LAB', 1, '2017-10-07 11:55:47', NULL, NULL),
(13, 2, '1', 'Hub', 1, '2017-10-07 11:55:29', NULL, NULL),
(14, 2, '2', 'Facility', 1, '2017-10-07 11:56:56', '2017-10-07 11:56:57', NULL),
(15, 2, '3', 'Hub & Facility', 1, '2017-10-07 11:57:38', NULL, NULL),
(16, 3, '1', 'Sample Transporter', 1, '2017-10-11 11:27:47', '2017-10-11 11:27:49', NULL),
(17, 3, '2', 'Staff Member', 1, '2017-10-11 11:28:17', '2017-10-11 11:28:18', NULL),
(18, 4, '1', 'Lab Technician', 1, '2017-10-11 11:30:25', '2017-10-11 11:30:26', NULL),
(19, 4, '2', 'Lab Assistant', 1, '2017-10-11 11:32:42', '2017-10-11 11:32:43', NULL);

-- --------------------------------------------------------

--
-- Table structure for table `migrations`
--

DROP TABLE IF EXISTS `migrations`;
CREATE TABLE `migrations` (
  `id` int(10) UNSIGNED NOT NULL,
  `migration` varchar(255) COLLATE utf8mb4_unicode_ci NOT NULL,
  `batch` int(11) NOT NULL
) ENGINE=MyISAM DEFAULT CHARSET=utf8mb4 COLLATE=utf8mb4_unicode_ci;

--
-- Dumping data for table `migrations`
--

INSERT INTO `migrations` (`id`, `migration`, `batch`) VALUES
(1, '2014_10_12_000000_create_users_table', 1),
(2, '2014_10_12_100000_create_password_resets_table', 1),
(3, '2017_10_12_094948_entrust_setup_tables', 1);

-- --------------------------------------------------------

--
-- Table structure for table `organization`
--

DROP TABLE IF EXISTS `organization`;
CREATE TABLE `organization` (
  `id` int(11) UNSIGNED NOT NULL,
  `type` tinyint(3) UNSIGNED NOT NULL,
  `name` varchar(255) NOT NULL,
  `address` varchar(50) NOT NULL,
  `telephonenumber` varchar(50) NOT NULL,
  `emailaddress` varchar(50) DEFAULT NULL,
  `createdby` int(11) NOT NULL,
  `created_at` datetime NOT NULL,
  `updated_at` datetime DEFAULT NULL
) ENGINE=InnoDB DEFAULT CHARSET=utf8;

--
-- Dumping data for table `organization`
--

INSERT INTO `organization` (`id`, `type`, `name`, `address`, `telephonenumber`, `emailaddress`, `createdby`, `created_at`, `updated_at`) VALUES
(1, 1, 'Test', 'addfes', '45643', 'ad@dv.com', 1, '2017-10-15 16:14:16', '2017-10-15 16:14:16');

-- --------------------------------------------------------

--
-- Table structure for table `organizationcontact`
--

DROP TABLE IF EXISTS `organizationcontact`;
CREATE TABLE `organizationcontact` (
  `id` int(11) UNSIGNED NOT NULL,
  `organizationid` int(11) UNSIGNED NOT NULL,
  `designation` tinyint(3) UNSIGNED DEFAULT NULL,
  `firstname` varchar(255) NOT NULL,
  `lastname` varchar(255) NOT NULL,
  `othernames` varchar(255) DEFAULT NULL,
  `address` varchar(50) DEFAULT NULL,
  `telephonenumber` varchar(50) NOT NULL,
  `emailaddress` varchar(50) DEFAULT NULL,
  `createdby` int(11) NOT NULL,
  `created_at` datetime NOT NULL,
  `updated_at` datetime DEFAULT NULL
) ENGINE=InnoDB DEFAULT CHARSET=utf8;

-- --------------------------------------------------------

--
-- Table structure for table `password_resets`
--

DROP TABLE IF EXISTS `password_resets`;
CREATE TABLE `password_resets` (
  `email` varchar(191) COLLATE utf8mb4_unicode_ci NOT NULL,
  `token` varchar(191) COLLATE utf8mb4_unicode_ci NOT NULL,
  `created_at` timestamp NULL DEFAULT NULL
) ENGINE=MyISAM DEFAULT CHARSET=utf8mb4 COLLATE=utf8mb4_unicode_ci;

-- --------------------------------------------------------

--
-- Table structure for table `permissions`
--

DROP TABLE IF EXISTS `permissions`;
CREATE TABLE `permissions` (
  `id` int(10) UNSIGNED NOT NULL,
  `name` varchar(191) COLLATE utf8mb4_unicode_ci NOT NULL,
  `display_name` varchar(191) COLLATE utf8mb4_unicode_ci DEFAULT NULL,
  `description` varchar(191) COLLATE utf8mb4_unicode_ci DEFAULT NULL,
  `created_at` timestamp NULL DEFAULT NULL,
  `updated_at` timestamp NULL DEFAULT NULL
) ENGINE=MyISAM DEFAULT CHARSET=utf8mb4 COLLATE=utf8mb4_unicode_ci;

--
-- Dumping data for table `permissions`
--

INSERT INTO `permissions` (`id`, `name`, `display_name`, `description`, `created_at`, `updated_at`) VALUES
(1, 'Create_facility', 'Create Facility', NULL, '2017-10-15 07:52:15', NULL),
(2, 'Update_facility', 'Update Facility', NULL, '2017-10-15 07:52:53', '2017-10-15 07:52:53'),
(3, 'View_facility', 'View Facility', NULL, '2017-10-15 07:53:35', NULL),
(4, 'Delete_facility', 'Delete Facility', NULL, '2017-10-15 07:54:12', NULL),
(5, 'Create_IP', 'Create IP', NULL, '2017-10-15 08:04:24', NULL),
(6, 'Update_IP', 'Update IP', NULL, '2017-10-15 08:04:49', NULL),
(7, 'View_IP', 'View IP', NULL, '2017-10-15 08:05:24', NULL),
(8, 'Delete_IP', 'Delete IP', NULL, '2017-10-15 08:05:44', NULL);

-- --------------------------------------------------------

--
-- Table structure for table `permission_role`
--

DROP TABLE IF EXISTS `permission_role`;
CREATE TABLE `permission_role` (
  `permission_id` int(10) UNSIGNED NOT NULL,
  `role_id` int(10) UNSIGNED NOT NULL
) ENGINE=MyISAM DEFAULT CHARSET=utf8mb4 COLLATE=utf8mb4_unicode_ci;

--
-- Dumping data for table `permission_role`
--

INSERT INTO `permission_role` (`permission_id`, `role_id`) VALUES
(1, 2),
(1, 3),
(1, 4),
(2, 2),
(2, 3),
(2, 4),
(3, 2),
(3, 3),
(3, 4),
(4, 2),
(4, 3),
(4, 4),
(5, 2),
(5, 3),
(5, 4),
(6, 2),
(6, 3),
(6, 4),
(7, 2),
(7, 3),
(7, 4),
(8, 2),
(8, 3),
(8, 4);

-- --------------------------------------------------------

--
-- Table structure for table `region`
--

DROP TABLE IF EXISTS `region`;
CREATE TABLE `region` (
  `id` tinyint(3) UNSIGNED NOT NULL,
  `region` varchar(100) NOT NULL,
  `pprefix` varchar(10) NOT NULL,
  `created` datetime NOT NULL,
  `createdby` varchar(250) NOT NULL
) ENGINE=InnoDB DEFAULT CHARSET=utf8;

--
-- Dumping data for table `region`
--

INSERT INTO `region` (`id`, `region`, `pprefix`, `created`, `createdby`) VALUES
(1, 'Central', '', '0000-00-00 00:00:00', ''),
(2, 'Eastern', '', '0000-00-00 00:00:00', ''),
(3, 'Western', '', '0000-00-00 00:00:00', ''),
(4, 'Northern', '', '0000-00-00 00:00:00', ''),
(5, 'Central 1', '', '0000-00-00 00:00:00', ''),
(6, 'Central 2', '', '0000-00-00 00:00:00', ''),
(7, 'East Central', '', '0000-00-00 00:00:00', ''),
(8, 'Kampala', '', '0000-00-00 00:00:00', ''),
(9, 'Mid Eastern', '', '0000-00-00 00:00:00', ''),
(10, 'Mid Northern', '', '0000-00-00 00:00:00', ''),
(11, 'Mid Western', '', '0000-00-00 00:00:00', ''),
(12, 'North East', '', '0000-00-00 00:00:00', ''),
(13, 'South Western', '', '0000-00-00 00:00:00', ''),
(14, 'West Nile', '', '0000-00-00 00:00:00', '');

-- --------------------------------------------------------

--
-- Table structure for table `roles`
--

DROP TABLE IF EXISTS `roles`;
CREATE TABLE `roles` (
  `id` int(10) UNSIGNED NOT NULL,
  `name` varchar(191) COLLATE utf8mb4_unicode_ci NOT NULL,
  `display_name` varchar(191) COLLATE utf8mb4_unicode_ci DEFAULT NULL,
  `description` varchar(191) COLLATE utf8mb4_unicode_ci DEFAULT NULL,
  `created_at` timestamp NULL DEFAULT NULL,
  `updated_at` timestamp NULL DEFAULT NULL
) ENGINE=MyISAM DEFAULT CHARSET=utf8mb4 COLLATE=utf8mb4_unicode_ci;

--
-- Dumping data for table `roles`
--

INSERT INTO `roles` (`id`, `name`, `display_name`, `description`, `created_at`, `updated_at`) VALUES
(1, 'Lab', 'Lab admin', 'Lab admin', '2017-10-12 07:11:05', '2017-10-12 07:11:05'),
(2, 'Admin', 'Administrator', 'User is allowed to manage and edit other users', '2017-10-12 07:15:26', '2017-10-12 07:15:26'),
(3, 'Program_officer ', 'program officer ', 'Close to administrator in operations save system settings', '2017-10-15 06:41:21', '2017-10-15 06:41:22'),
(4, 'Regional_hub_coordinator', 'Regional hub coordinator', 'Regional hub coordinator', '2017-10-15 06:45:01', '2017-10-15 06:45:02'),
(5, 'In_charge', 'In-charge', NULL, '2017-10-15 06:46:23', '2017-10-15 06:46:24');

-- --------------------------------------------------------

--
-- Table structure for table `role_user`
--

DROP TABLE IF EXISTS `role_user`;
CREATE TABLE `role_user` (
  `user_id` int(10) UNSIGNED NOT NULL,
  `role_id` int(10) UNSIGNED NOT NULL
) ENGINE=MyISAM DEFAULT CHARSET=utf8mb4 COLLATE=utf8mb4_unicode_ci;

--
-- Dumping data for table `role_user`
--

INSERT INTO `role_user` (`user_id`, `role_id`) VALUES
(1, 2),
(2, 1),
(3, 3),
(4, 4),
(5, 5);

-- --------------------------------------------------------

--
-- Table structure for table `staff`
--

DROP TABLE IF EXISTS `staff`;
CREATE TABLE `staff` (
  `id` int(11) UNSIGNED NOT NULL,
  `facilityid` int(11) UNSIGNED DEFAULT NULL,
  `hubid` int(11) UNSIGNED DEFAULT NULL,
  `firstname` varchar(255) NOT NULL,
  `lastname` varchar(255) NOT NULL,
  `othernames` varchar(50) DEFAULT NULL,
  `emailaddress` varchar(255) NOT NULL,
  `telephonenumber` varchar(255) NOT NULL,
  `drivingpermit` varchar(255) DEFAULT NULL,
  `designation` tinyint(3) UNSIGNED DEFAULT NULL,
  `type` tinyint(3) UNSIGNED NOT NULL,
  `nationalid` varchar(255) DEFAULT NULL,
  `createdby` int(11) UNSIGNED DEFAULT NULL,
  `created_at` datetime NOT NULL,
  `updated_at` datetime DEFAULT NULL
) ENGINE=InnoDB DEFAULT CHARSET=utf8;

--
-- Dumping data for table `staff`
--

INSERT INTO `staff` (`id`, `facilityid`, `hubid`, `firstname`, `lastname`, `othernames`, `emailaddress`, `telephonenumber`, `drivingpermit`, `designation`, `type`, `nationalid`, `createdby`, `created_at`, `updated_at`) VALUES
(1, 4, 4, 'fdgfd', 'sgfdgf', NULL, 'isaac@dev.com', '4586', NULL, 2, 2, '7689', NULL, '2017-10-12 07:09:24', '2017-10-12 07:09:24'),
(2, 4, 4, 'Kako', 'Doe', NULL, 'kad@gmail.com', '078950', NULL, 2, 2, '040696', NULL, '2017-10-12 07:28:01', '2017-10-12 07:28:01'),
(3, 5, 5, 'jand', 'paul', NULL, 'ad@gmail.com', '5938', NULL, NULL, 1, '0989', NULL, '2017-10-12 07:41:13', '2017-10-12 07:41:13'),
(4, 5, 5, 'jand', 'paul', NULL, 'ad@gmail.com', '5938', NULL, NULL, 1, '0989', NULL, '2017-10-12 07:41:45', '2017-10-12 07:41:45'),
(5, 5, 5, 'jand', 'paul', NULL, 'ad@gmail.com', '5938', NULL, NULL, 1, '0989', NULL, '2017-10-12 07:44:23', '2017-10-12 07:44:23');

-- --------------------------------------------------------

--
-- Table structure for table `users`
--

DROP TABLE IF EXISTS `users`;
CREATE TABLE `users` (
  `id` int(10) UNSIGNED NOT NULL,
  `username` varchar(50) COLLATE utf8mb4_unicode_ci NOT NULL DEFAULT '0',
  `name` varchar(191) COLLATE utf8mb4_unicode_ci NOT NULL,
  `email` varchar(191) COLLATE utf8mb4_unicode_ci NOT NULL,
  `hubid` int(11) UNSIGNED NOT NULL,
  `facilityid` int(11) UNSIGNED NOT NULL,
  `password` varchar(191) COLLATE utf8mb4_unicode_ci NOT NULL,
  `remember_token` varchar(100) COLLATE utf8mb4_unicode_ci DEFAULT NULL,
  `created_at` timestamp NULL DEFAULT NULL,
  `updated_at` timestamp NULL DEFAULT NULL
) ENGINE=MyISAM DEFAULT CHARSET=utf8mb4 COLLATE=utf8mb4_unicode_ci;

--
-- Dumping data for table `users`
--

INSERT INTO `users` (`id`, `username`, `name`, `email`, `hubid`, `facilityid`, `password`, `remember_token`, `created_at`, `updated_at`) VALUES
(1, 'michele', 'admin', 'admin@dev.com', 0, 0, '$2y$10$JZz7oNAbjFw3pXeY63tkA.WN14MDu.WJldTGQPBpnvgGmXzz0H2o6', 'fzku0DmLVgmFMNK2CBT9HFOLDLPnhx3SOqCYV1J8Uwa8zCcn8EgVEGICeggA', '2017-10-12 10:19:27', '2017-10-12 10:19:28'),
(2, 'jude', 'jude', 'jude@dev.com', 0, 0, '$2y$10$JZz7oNAbjFw3pXeY63tkA.WN14MDu.WJldTGQPBpnvgGmXzz0H2o6', 'UG3yuOpIwhpkArU1qbcVZLe7ZLNFvsV98s2EQlu8QIty7MwNLpXIo2OImQ12', '2017-10-12 10:37:35', '2017-10-12 10:37:36'),
(3, 'sarah', 'sarah', 'sarrah@dev.com', 0, 0, '$2y$10$JZz7oNAbjFw3pXeY63tkA.WN14MDu.WJldTGQPBpnvgGmXzz0H2o6', NULL, NULL, NULL),
(4, 'dan', 'dan', 'dan@dev.com', 0, 0, '$2y$10$JZz7oNAbjFw3pXeY63tkA.WN14MDu.WJldTGQPBpnvgGmXzz0H2o6', NULL, NULL, NULL),
(5, 'jack', 'jack', 'jack@dev.com', 0, 0, '$2y$10$JZz7oNAbjFw3pXeY63tkA.WN14MDu.WJldTGQPBpnvgGmXzz0H2o6', NULL, NULL, NULL);

--
-- Indexes for dumped tables
--

--
-- Indexes for table `district`
--
ALTER TABLE `district`
  ADD PRIMARY KEY (`id`),
  ADD KEY `regionIDIndex` (`regionid`);

--
-- Indexes for table `equipment`
--
ALTER TABLE `equipment`
  ADD PRIMARY KEY (`id`);

--
-- Indexes for table `facility`
--
ALTER TABLE `facility`
  ADD PRIMARY KEY (`id`),
  ADD KEY `districtIDIndex` (`districtid`),
  ADD KEY `hubIDIndex` (`hubid`),
  ADD KEY `facilityLevelIDIndex` (`facilitylevelid`),
  ADD KEY `uniqueIndex` (`name`,`districtid`);

--
-- Indexes for table `facilitylevel`
--
ALTER TABLE `facilitylevel`
  ADD PRIMARY KEY (`id`),
  ADD UNIQUE KEY `uniqueIndex` (`level`);

--
-- Indexes for table `hub`
--
ALTER TABLE `hub`
  ADD PRIMARY KEY (`id`),
  ADD UNIQUE KEY `uniqueIndex` (`name`,`email`),
  ADD KEY `emailIndex` (`email`),
  ADD KEY `ipIDIndex` (`implementingpartnerid`);

--
-- Indexes for table `lookupquery`
--
ALTER TABLE `lookupquery`
  ADD PRIMARY KEY (`id`);

--
-- Indexes for table `lookuptype`
--
ALTER TABLE `lookuptype`
  ADD PRIMARY KEY (`id`);

--
-- Indexes for table `lookuptypevalue`
--
ALTER TABLE `lookuptypevalue`
  ADD PRIMARY KEY (`id`);

--
-- Indexes for table `migrations`
--
ALTER TABLE `migrations`
  ADD PRIMARY KEY (`id`);

--
-- Indexes for table `organization`
--
ALTER TABLE `organization`
  ADD PRIMARY KEY (`id`);

--
-- Indexes for table `organizationcontact`
--
ALTER TABLE `organizationcontact`
  ADD PRIMARY KEY (`id`);

--
-- Indexes for table `password_resets`
--
ALTER TABLE `password_resets`
  ADD KEY `password_resets_email_index` (`email`),
  ADD KEY `password_resets_token_index` (`token`);

--
-- Indexes for table `permissions`
--
ALTER TABLE `permissions`
  ADD PRIMARY KEY (`id`),
  ADD UNIQUE KEY `permissions_name_unique` (`name`);

--
-- Indexes for table `permission_role`
--
ALTER TABLE `permission_role`
  ADD PRIMARY KEY (`permission_id`,`role_id`),
  ADD KEY `permission_role_role_id_foreign` (`role_id`);

--
-- Indexes for table `region`
--
ALTER TABLE `region`
  ADD PRIMARY KEY (`id`),
  ADD UNIQUE KEY `uniqueIndex` (`region`);

--
-- Indexes for table `roles`
--
ALTER TABLE `roles`
  ADD PRIMARY KEY (`id`),
  ADD UNIQUE KEY `roles_name_unique` (`name`);

--
-- Indexes for table `role_user`
--
ALTER TABLE `role_user`
  ADD PRIMARY KEY (`user_id`,`role_id`),
  ADD KEY `role_user_role_id_foreign` (`role_id`);

--
-- Indexes for table `staff`
--
ALTER TABLE `staff`
  ADD PRIMARY KEY (`id`);

--
-- Indexes for table `users`
--
ALTER TABLE `users`
  ADD PRIMARY KEY (`id`),
  ADD UNIQUE KEY `users_email_unique` (`email`);

--
-- AUTO_INCREMENT for dumped tables
--

--
-- AUTO_INCREMENT for table `district`
--
ALTER TABLE `district`
  MODIFY `id` mediumint(8) UNSIGNED NOT NULL AUTO_INCREMENT, AUTO_INCREMENT=115;
--
-- AUTO_INCREMENT for table `equipment`
--
ALTER TABLE `equipment`
  MODIFY `id` int(11) UNSIGNED NOT NULL AUTO_INCREMENT, AUTO_INCREMENT=17;
--
-- AUTO_INCREMENT for table `facility`
--
ALTER TABLE `facility`
  MODIFY `id` mediumint(8) UNSIGNED NOT NULL AUTO_INCREMENT, AUTO_INCREMENT=2490;
--
-- AUTO_INCREMENT for table `facilitylevel`
--
ALTER TABLE `facilitylevel`
  MODIFY `id` smallint(2) UNSIGNED NOT NULL AUTO_INCREMENT, AUTO_INCREMENT=14;
--
-- AUTO_INCREMENT for table `hub`
--
ALTER TABLE `hub`
  MODIFY `id` mediumint(8) UNSIGNED NOT NULL AUTO_INCREMENT, AUTO_INCREMENT=118;
--
-- AUTO_INCREMENT for table `lookupquery`
--
ALTER TABLE `lookupquery`
  MODIFY `id` int(10) UNSIGNED NOT NULL AUTO_INCREMENT;
--
-- AUTO_INCREMENT for table `lookuptype`
--
ALTER TABLE `lookuptype`
  MODIFY `id` int(11) UNSIGNED NOT NULL AUTO_INCREMENT, AUTO_INCREMENT=5;
--
-- AUTO_INCREMENT for table `lookuptypevalue`
--
ALTER TABLE `lookuptypevalue`
  MODIFY `id` int(11) UNSIGNED NOT NULL AUTO_INCREMENT, AUTO_INCREMENT=20;
--
-- AUTO_INCREMENT for table `migrations`
--
ALTER TABLE `migrations`
  MODIFY `id` int(10) UNSIGNED NOT NULL AUTO_INCREMENT, AUTO_INCREMENT=4;
--
-- AUTO_INCREMENT for table `organization`
--
ALTER TABLE `organization`
  MODIFY `id` int(11) UNSIGNED NOT NULL AUTO_INCREMENT, AUTO_INCREMENT=2;
--
-- AUTO_INCREMENT for table `organizationcontact`
--
ALTER TABLE `organizationcontact`
  MODIFY `id` int(11) UNSIGNED NOT NULL AUTO_INCREMENT;
--
-- AUTO_INCREMENT for table `permissions`
--
ALTER TABLE `permissions`
  MODIFY `id` int(10) UNSIGNED NOT NULL AUTO_INCREMENT, AUTO_INCREMENT=9;
--
-- AUTO_INCREMENT for table `region`
--
ALTER TABLE `region`
  MODIFY `id` tinyint(3) UNSIGNED NOT NULL AUTO_INCREMENT, AUTO_INCREMENT=15;
--
-- AUTO_INCREMENT for table `roles`
--
ALTER TABLE `roles`
  MODIFY `id` int(10) UNSIGNED NOT NULL AUTO_INCREMENT, AUTO_INCREMENT=6;
--
-- AUTO_INCREMENT for table `staff`
--
ALTER TABLE `staff`
  MODIFY `id` int(11) UNSIGNED NOT NULL AUTO_INCREMENT, AUTO_INCREMENT=6;
--
-- AUTO_INCREMENT for table `users`
--
ALTER TABLE `users`
  MODIFY `id` int(10) UNSIGNED NOT NULL AUTO_INCREMENT, AUTO_INCREMENT=6;
/*!40101 SET CHARACTER_SET_CLIENT=@OLD_CHARACTER_SET_CLIENT */;
/*!40101 SET CHARACTER_SET_RESULTS=@OLD_CHARACTER_SET_RESULTS */;
/*!40101 SET COLLATION_CONNECTION=@OLD_COLLATION_CONNECTION */;
